Handle,Title,Body (HTML),Vendor,Type,Tags,Published,Option1 Name,Option1 Value,Option2 Name,Option2 Value,Option3 Name,Option3 Value,Variant SKU,Variant Grams,Variant Inventory Tracker,Variant Inventory Qty,Variant Inventory Policy,Variant Fulfillment Service,Variant Price,Variant Compare At Price,Variant Requires Shipping,Variant Taxable,Variant Barcode,Image Src,Image Position,Image Alt Text,Gift Card,Variant Image,Variant Weight Unit,Status
gildan-5000-heavy-cotton-t-shirt,Gildan 5000 | Heavy Cotton T-Shirt,"<p>Create your own custom t-shirt with GTA Print Lab. Upload your design or logo directly from your phone or computer, position it to your liking, and choose the sizes and quantities you need. Printed in full colour on durable 100% cotton fabric.</p>",GTA Print Lab,Men/Unisex,"rush-production-eligible, Under 10",TRUE,Color,Black,Size,SM,# of Print Areas,1 Print Area,GILDAN_5000_BLACK_SM_01,0,,,continue,manual,18.00,,TRUE,TRUE,,https://cdn.shopify.com/s/files/1/0693/6425/2915/files/5000black.jpg?v=1753357491,1,,FALSE,https://cdn.shopify.com/s/files/1/0693/6425/2915/files/black_front_ac445d26-ca58-41d5-a5ff-f70c1caecc3e.jpg?v=1753357491,g,active
gildan-5000-heavy-cotton-t-shirt,,,,,,,,Black,,SM,,2 Print Areas,GILDAN_5000_BLACK_SM_02,0,,,continue,manual,28.00,,TRUE,TRUE,,,,,,https://cdn.shopify.com/s/files/1/0693/6425/2915/files/black_front_ac445d26-ca58-41d5-a5ff-f70c1caecc3e.jpg?v=1753357491,g,
gildan-5000-heavy-cotton-t-shirt,,,,,,,,Black,,SM,,3 Print Areas,GILDAN_5000_BLACK_SM_03,0,,,continue,manual,38.00,,TRUE,TRUE,,,,,,https://cdn.shopify.com/s/files/1/0693/6425/2915/files/black_front_ac445d26-ca58-41d5-a5ff-f70c1caecc3e.jpg?v=1753357491,g,
gildan-5000-heavy-cotton-t-shirt,,,,,,,,Black,,SM,,4 Print Areas,GILDAN_5000_BLACK_SM_04,0,,,continue,manual,48.00,,TRUE,TRUE,,,,,,https://cdn.shopify.com/s/files/1/0693/6425/2915/files/black_front_ac445d26-ca58-41d5-a5ff-f70c1caecc3e.jpg?v=1753357491,g,
gildan-5000-heavy-cotton-t-shirt,,,,,,,,Black,,MD,,1 Print Area,GILDAN_5000_BLACK_MD_01,0,,,continue,manual,18.00,,TRUE,TRUE,,,,,,https://cdn.shopify.com/s/files/1/0693/6425/2915/files/black_front_ac445d26-ca58-41d5-a5ff-f70c1caecc3e.jpg?v=1753357491,g,
gildan-5000-heavy-cotton-t-shirt,,,,,,,,Black,,MD,,2 Print Areas,GILDAN_5000_BLACK_MD_02,0,,,continue,manual,28.00,,TRUE,TRUE,,,,,,https://cdn.shopify.com/s/files/1/0693/6425/2915/files/black_front_ac445d26-ca58-41d5-a5ff-f70c1caecc3e.jpg?v=1753357491,g,
gildan-5000-heavy-cotton-t-shirt,,,,,,,,Black,,MD,,3 Print Areas,GILDAN_5000_BLACK_MD_03,0,,,continue,manual,38.00,,TRUE,TRUE,,,,,,https://cdn.shopify.com/s/files/1/0693/6425/2915/files/black_front_ac445d26-ca58-41d5-a5ff-f70c1caecc3e.jpg?v=1753357491,g,
gildan-5000-heavy-cotton-t-shirt,,,,,,,,Black,,MD,,4 Print Areas,GILDAN_5000_BLACK_MD_04,0,,,continue,manual,48.00,,TRUE,TRUE,,,,,,https://cdn.shopify.com/s/files/1/0693/6425/2915/files/black_front_ac445d26-ca58-41d5-a5ff-f70c1caecc3e.jpg?v=1753357491,g,
gildan-5000-heavy-cotton-t-shirt,,,,,,,,Black,,LG,,1 Print Area,GILDAN_5000_BLACK_LG_01,0,,,continue,manual,18.00,,TRUE,TRUE,,,,,,https://cdn.shopify.com/s/files/1/0693/6425/2915/files/black_front_ac445d26-ca58-41d5-a5ff-f70c1caecc3e.jpg?v=1753357491,g,
gildan-5000-heavy-cotton-t-shirt,,,,,,,,Black,,LG,,2 Print Areas,GILDAN_5000_BLACK_LG_02,0,,,continue,manual,28.00,,TRUE,TRUE,,,,,,https://cdn.shopify.com/s/files/1/0693/6425/2915/files/black_front_ac445d26-ca58-41d5-a5ff-f70c1caecc3e.jpg?v=1753357491,g,
gildan-5000-heavy-cotton-t-shirt,,,,,,,,Black,,LG,,3 Print Areas,GILDAN_5000_BLACK_LG_03,0,,,continue,manual,38.00,,TRUE,TRUE,,,,,,https://cdn.shopify.com/s/files/1/0693/6425/2915/files/black_front_ac445d26-ca58-41d5-a5ff-f70c1caecc3e.jpg?v=1753357491,g,
gildan-5000-heavy-cotton-t-shirt,,,,,,,,Black,,LG,,4 Print Areas,GILDAN_5000_BLACK_LG_04,0,,,continue,manual,48.00,,TRUE,TRUE,,,,,,https://cdn.shopify.com/s/files/1/0693/6425/2915/files/black_front_ac445d26-ca58-41d5-a5ff-f70c1caecc3e.jpg?v=1753357491,g,
gildan-5000-heavy-cotton-t-shirt,,,,,,,,Black,,XL,,1 Print Area,GILDAN_5000_BLACK_XL_01,0,,,continue,manual,18.00,,TRUE,TRUE,,,,,,https://cdn.shopify.com/s/files/1/0693/6425/2915/files/black_front_ac445d26-ca58-41d5-a5ff-f70c1caecc3e.jpg?v=1753357491,g,
gildan-5000-heavy-cotton-t-shirt,,,,,,,,Black,,XL,,2 Print Areas,GILDAN_5000_BLACK_XL_02,0,,,continue,manual,28.00,,TRUE,TRUE,,,,,,https://cdn.shopify.com/s/files/1/0693/6425/2915/files/black_front_ac445d26-ca58-41d5-a5ff-f70c1caecc3e.jpg?v=1753357491,g,
gildan-5000-heavy-cotton-t-shirt,,,,,,,,Black,,XL,,3 Print Areas,GILDAN_5000_BLACK_XL_03,0,,,continue,manual,38.00,,TRUE,TRUE,,,,,,https://cdn.shopify.com/s/files/1/0693/6425/2915/files/black_front_ac445d26-ca58-41d5-a5ff-f70c1caecc3e.jpg?v=1753357491,g,
gildan-5000-heavy-cotton-t-shirt,,,,,,,,Black,,XL,,4 Print Areas,GILDAN_5000_BLACK_XL_04,0,,,continue,manual,48.00,,TRUE,TRUE,,,,,,https://cdn.shopify.com/s/files/1/0693/6425/2915/files/black_front_ac445d26-ca58-41d5-a5ff-f70c1caecc3e.jpg?v=1753357491,g,
gildan-5000-heavy-cotton-t-shirt,,,,,,,,Black,,2XL,,1 Print Area,GILDAN_5000_BLACK_2XL_01,0,,,continue,manual,22.00,,TRUE,TRUE,,,,,,https://cdn.shopify.com/s/files/1/0693/6425/2915/files/black_front_ac445d26-ca58-41d5-a5ff-f70c1caecc3e.jpg?v=1753357491,g,
gildan-5000-heavy-cotton-t-shirt,,,,,,,,Black,,2XL,,2 Print Areas,GILDAN_5000_BLACK_2XL_02,0,,,continue,manual,32.00,,TRUE,TRUE,,,,,,https://cdn.shopify.com/s/files/1/0693/6425/2915/files/black_front_ac445d26-ca58-41d5-a5ff-f70c1caecc3e.jpg?v=1753357491,g,
gildan-5000-heavy-cotton-t-shirt,,,,,,,,Black,,2XL,,3 Print Areas,GILDAN_5000_BLACK_2XL_03,0,,,continue,manual,42.00,,TRUE,TRUE,,,,,,https://cdn.shopify.com/s/files/1/0693/6425/2915/files/black_front_ac445d26-ca58-41d5-a5ff-f70c1caecc3e.jpg?v=1753357491,g,
gildan-5000-heavy-cotton-t-shirt,,,,,,,,Black,,2XL,,4 Print Areas,GILDAN_5000_BLACK_2XL_04,0,,,continue,manual,52.00,,TRUE,TRUE,,,,,,https://cdn.shopify.com/s/files/1/0693/6425/2915/files/black_front_ac445d26-ca58-41d5-a5ff-f70c1caecc3e.jpg?v=1753357491,g,
gildan-5000-heavy-cotton-t-shirt,,,,,,,,Black,,3XL,,1 Print Area,GILDAN_5000_BLACK_3XL_01,0,,,continue,manual,24.00,,TRUE,TRUE,,,,,,https://cdn.shopify.com/s/files/1/0693/6425/2915/files/black_front_ac445d26-ca58-41d5-a5ff-f70c1caecc3e.jpg?v=1753357491,g,
gildan-5000-heavy-cotton-t-shirt,,,,,,,,Black,,3XL,,2 Print Areas,GILDAN_5000_BLACK_3XL_02,0,,,continue,manual,34.00,,TRUE,TRUE,,,,,,https://cdn.shopify.com/s/files/1/0693/6425/2915/files/black_front_ac445d26-ca58-41d5-a5ff-f70c1caecc3e.jpg?v=1753357491,g,
gildan-5000-heavy-cotton-t-shirt,,,,,,,,Black,,3XL,,3 Print Areas,GILDAN_5000_BLACK_3XL_03,0,,,continue,manual,44.00,,TRUE,TRUE,,,,,,https://cdn.shopify.com/s/files/1/0693/6425/2915/files/black_front_ac445d26-ca58-41d5-a5ff-f70c1caecc3e.jpg?v=1753357491,g,
gildan-5000-heavy-cotton-t-shirt,,,,,,,,Black,,3XL,,4 Print Areas,GILDAN_5000_BLACK_3XL_04,0,,,continue,manual,54.00,,TRUE,TRUE,,,,,,https://cdn.shopify.com/s/files/1/0693/6425/2915/files/black_front_ac445d26-ca58-41d5-a5ff-f70c1caecc3e.jpg?v=1753357491,g,
gildan-5000-heavy-cotton-t-shirt,,,,,,,,Black,,4XL,,1 Print Area,GILDAN_5000_BLACK_4XL_01,0,,,continue,manual,24.00,,TRUE,TRUE,,,,,,https://cdn.shopify.com/s/files/1/0693/6425/2915/files/black_front_ac445d26-ca58-41d5-a5ff-f70c1caecc3e.jpg?v=1753357491,g,
gildan-5000-heavy-cotton-t-shirt,,,,,,,,Black,,4XL,,2 Print Areas,GILDAN_5000_BLACK_4XL_02,0,,,continue,manual,34.00,,TRUE,TRUE,,,,,,https://cdn.shopify.com/s/files/1/0693/6425/2915/files/black_front_ac445d26-ca58-41d5-a5ff-f70c1caecc3e.jpg?v=1753357491,g,
gildan-5000-heavy-cotton-t-shirt,,,,,,,,Black,,4XL,,3 Print Areas,GILDAN_5000_BLACK_4XL_03,0,,,continue,manual,44.00,,TRUE,TRUE,,,,,,https://cdn.shopify.com/s/files/1/0693/6425/2915/files/black_front_ac445d26-ca58-41d5-a5ff-f70c1caecc3e.jpg?v=1753357491,g,
gildan-5000-heavy-cotton-t-shirt,,,,,,,,Black,,4XL,,4 Print Areas,GILDAN_5000_BLACK_4XL_04,0,,,continue,manual,54.00,,TRUE,TRUE,,,,,,https://cdn.shopify.com/s/files/1/0693/6425/2915/files/black_front_ac445d26-ca58-41d5-a5ff-f70c1caecc3e.jpg?v=1753357491,g,
gildan-5000-heavy-cotton-t-shirt,,,,,,,,Black,,5XL,,1 Print Area,GILDAN_5000_BLACK_5XL_01,0,,,continue,manual,24.00,,TRUE,TRUE,,,,,,https://cdn.shopify.com/s/files/1/0693/6425/2915/files/black_front_ac445d26-ca58-41d5-a5ff-f70c1caecc3e.jpg?v=1753357491,g,
gildan-5000-heavy-cotton-t-shirt,,,,,,,,Black,,5XL,,2 Print Areas,GILDAN_5000_BLACK_5XL_02,0,,,continue,manual,34.00,,TRUE,TRUE,,,,,,https://cdn.shopify.com/s/files/1/0693/6425/2915/files/black_front_ac445d26-ca58-41d5-a5ff-f70c1caecc3e.jpg?v=1753357491,g,
gildan-5000-heavy-cotton-t-shirt,,,,,,,,Black,,5XL,,3 Print Areas,GILDAN_5000_BLACK_5XL_03,0,,,continue,manual,44.00,,TRUE,TRUE,,,,,,https://cdn.shopify.com/s/files/1/0693/6425/2915/files/black_front_ac445d26-ca58-41d5-a5ff-f70c1caecc3e.jpg?v=1753357491,g,
gildan-5000-heavy-cotton-t-shirt,,,,,,,,Black,,5XL,,4 Print Areas,GILDAN_5000_BLACK_5XL_04,0,,,continue,manual,54.00,,TRUE,TRUE,,,,,,https://cdn.shopify.com/s/files/1/0693/6425/2915/files/black_front_ac445d26-ca58-41d5-a5ff-f70c1caecc3e.jpg?v=1753357491,g,
gildan-5000-heavy-cotton-t-shirt,,,,,,,,White,,SM,,1 Print Area,GILDAN_5000_WHITE_SM_01,0,,,continue,manual,18.00,,TRUE,TRUE,,,,,,https://cdn.shopify.com/s/files/1/0693/6425/2915/files/white_front_57200f79-432e-4254-92f8-434dce4f15f0.jpg?v=1753357491,g,
gildan-5000-heavy-cotton-t-shirt,,,,,,,,White,,SM,,2 Print Areas,GILDAN_5000_WHITE_SM_02,0,,,continue,manual,28.00,,TRUE,TRUE,,,,,,https://cdn.shopify.com/s/files/1/0693/6425/2915/files/white_front_57200f79-432e-4254-92f8-434dce4f15f0.jpg?v=1753357491,g,
gildan-5000-heavy-cotton-t-shirt,,,,,,,,White,,SM,,3 Print Areas,GILDAN_5000_WHITE_SM_03,0,,,continue,manual,38.00,,TRUE,TRUE,,,,,,https://cdn.shopify.com/s/files/1/0693/6425/2915/files/white_front_57200f79-432e-4254-92f8-434dce4f15f0.jpg?v=1753357491,g,
gildan-5000-heavy-cotton-t-shirt,,,,,,,,White,,SM,,4 Print Areas,GILDAN_5000_WHITE_SM_04,0,,,continue,manual,48.00,,TRUE,TRUE,,,,,,https://cdn.shopify.com/s/files/1/0693/6425/2915/files/white_front_57200f79-432e-4254-92f8-434dce4f15f0.jpg?v=1753357491,g,
gildan-5000-heavy-cotton-t-shirt,,,,,,,,White,,MD,,1 Print Area,GILDAN_5000_WHITE_MD_01,0,,,continue,manual,18.00,,TRUE,TRUE,,,,,,https://cdn.shopify.com/s/files/1/0693/6425/2915/files/white_front_57200f79-432e-4254-92f8-434dce4f15f0.jpg?v=1753357491,g,
gildan-5000-heavy-cotton-t-shirt,,,,,,,,White,,MD,,2 Print Areas,GILDAN_5000_WHITE_MD_02,0,,,continue,manual,28.00,,TRUE,TRUE,,,,,,https://cdn.shopify.com/s/files/1/0693/6425/2915/files/white_front_57200f79-432e-4254-92f8-434dce4f15f0.jpg?v=1753357491,g,
gildan-5000-heavy-cotton-t-shirt,,,,,,,,White,,MD,,3 Print Areas,GILDAN_5000_WHITE_MD_03,0,,,continue,manual,38.00,,TRUE,TRUE,,,,,,https://cdn.shopify.com/s/files/1/0693/6425/2915/files/white_front_57200f79-432e-4254-92f8-434dce4f15f0.jpg?v=1753357491,g,
gildan-5000-heavy-cotton-t-shirt,,,,,,,,White,,MD,,4 Print Areas,GILDAN_5000_WHITE_MD_04,0,,,continue,manual,48.00,,TRUE,TRUE,,,,,,https://cdn.shopify.com/s/files/1/0693/6425/2915/files/white_front_57200f79-432e-4254-92f8-434dce4f15f0.jpg?v=1753357491,g,
gildan-5000-heavy-cotton-t-shirt,,,,,,,,White,,LG,,1 Print Area,GILDAN_5000_WHITE_LG_01,0,,,continue,manual,18.00,,TRUE,TRUE,,,,,,https://cdn.shopify.com/s/files/1/0693/6425/2915/files/white_front_57200f79-432e-4254-92f8-434dce4f15f0.jpg?v=1753357491,g,
gildan-5000-heavy-cotton-t-shirt,,,,,,,,White,,LG,,2 Print Areas,GILDAN_5000_WHITE_LG_02,0,,,continue,manual,28.00,,TRUE,TRUE,,,,,,https://cdn.shopify.com/s/files/1/0693/6425/2915/files/white_front_57200f79-432e-4254-92f8-434dce4f15f0.jpg?v=1753357491,g,
gildan-5000-heavy-cotton-t-shirt,,,,,,,,White,,LG,,3 Print Areas,GILDAN_5000_WHITE_LG_03,0,,,continue,manual,38.00,,TRUE,TRUE,,,,,,https://cdn.shopify.com/s/files/1/0693/6425/2915/files/white_front_57200f79-432e-4254-92f8-434dce4f15f0.jpg?v=1753357491,g,
gildan-5000-heavy-cotton-t-shirt,,,,,,,,White,,LG,,4 Print Areas,GILDAN_5000_WHITE_LG_04,0,,,continue,manual,48.00,,TRUE,TRUE,,,,,,https://cdn.shopify.com/s/files/1/0693/6425/2915/files/white_front_57200f79-432e-4254-92f8-434dce4f15f0.jpg?v=1753357491,g,
gildan-5000-heavy-cotton-t-shirt,,,,,,,,White,,XL,,1 Print Area,GILDAN_5000_WHITE_XL_01,0,,,continue,manual,18.00,,TRUE,TRUE,,,,,,https://cdn.shopify.com/s/files/1/0693/6425/2915/files/white_front_57200f79-432e-4254-92f8-434dce4f15f0.jpg?v=1753357491,g,
gildan-5000-heavy-cotton-t-shirt,,,,,,,,White,,XL,,2 Print Areas,GILDAN_5000_WHITE_XL_02,0,,,continue,manual,28.00,,TRUE,TRUE,,,,,,https://cdn.shopify.com/s/files/1/0693/6425/2915/files/white_front_57200f79-432e-4254-92f8-434dce4f15f0.jpg?v=1753357491,g,
gildan-5000-heavy-cotton-t-shirt,,,,,,,,White,,XL,,3 Print Areas,GILDAN_5000_WHITE_XL_03,0,,,continue,manual,38.00,,TRUE,TRUE,,,,,,https://cdn.shopify.com/s/files/1/0693/6425/2915/files/white_front_57200f79-432e-4254-92f8-434dce4f15f0.jpg?v=1753357491,g,
gildan-5000-heavy-cotton-t-shirt,,,,,,,,White,,XL,,4 Print Areas,GILDAN_5000_WHITE_XL_04,0,,,continue,manual,48.00,,TRUE,TRUE,,,,,,https://cdn.shopify.com/s/files/1/0693/6425/2915/files/white_front_57200f79-432e-4254-92f8-434dce4f15f0.jpg?v=1753357491,g,
gildan-5000-heavy-cotton-t-shirt,,,,,,,,White,,2XL,,1 Print Area,GILDAN_5000_WHITE_2XL_01,0,,,continue,manual,22.00,,TRUE,TRUE,,,,,,https://cdn.shopify.com/s/files/1/0693/6425/2915/files/white_front_57200f79-432e-4254-92f8-434dce4f15f0.jpg?v=1753357491,g,
gildan-5000-heavy-cotton-t-shirt,,,,,,,,White,,2XL,,2 Print Areas,GILDAN_5000_WHITE_2XL_02,0,,,continue,manual,32.00,,TRUE,TRUE,,,,,,https://cdn.shopify.com/s/files/1/0693/6425/2915/files/white_front_57200f79-432e-4254-92f8-434dce4f15f0.jpg?v=1753357491,g,
gildan-5000-heavy-cotton-t-shirt,,,,,,,,White,,2XL,,3 Print Areas,GILDAN_5000_WHITE_2XL_03,0,,,continue,manual,42.00,,TRUE,TRUE,,,,,,https://cdn.shopify.com/s/files/1/0693/6425/2915/files/white_front_57200f79-432e-4254-92f8-434dce4f15f0.jpg?v=1753357491,g,
gildan-5000-heavy-cotton-t-shirt,,,,,,,,White,,2XL,,4 Print Areas,GILDAN_5000_WHITE_2XL_04,0,,,continue,manual,52.00,,TRUE,TRUE,,,,,,https://cdn.shopify.com/s/files/1/0693/6425/2915/files/white_front_57200f79-432e-4254-92f8-434dce4f15f0.jpg?v=1753357491,g,
gildan-5000-heavy-cotton-t-shirt,,,,,,,,White,,3XL,,1 Print Area,GILDAN_5000_WHITE_3XL_01,0,,,continue,manual,24.00,,TRUE,TRUE,,,,,,https://cdn.shopify.com/s/files/1/0693/6425/2915/files/white_front_57200f79-432e-4254-92f8-434dce4f15f0.jpg?v=1753357491,g,
gildan-5000-heavy-cotton-t-shirt,,,,,,,,White,,3XL,,2 Print Areas,GILDAN_5000_WHITE_3XL_02,0,,,continue,manual,34.00,,TRUE,TRUE,,,,,,https://cdn.shopify.com/s/files/1/0693/6425/2915/files/white_front_57200f79-432e-4254-92f8-434dce4f15f0.jpg?v=1753357491,g,
gildan-5000-heavy-cotton-t-shirt,,,,,,,,White,,3XL,,3 Print Areas,GILDAN_5000_WHITE_3XL_03,0,,,continue,manual,44.00,,TRUE,TRUE,,,,,,https://cdn.shopify.com/s/files/1/0693/6425/2915/files/white_front_57200f79-432e-4254-92f8-434dce4f15f0.jpg?v=1753357491,g,
gildan-5000-heavy-cotton-t-shirt,,,,,,,,White,,3XL,,4 Print Areas,GILDAN_5000_WHITE_3XL_04,0,,,continue,manual,54.00,,TRUE,TRUE,,,,,,https://cdn.shopify.com/s/files/1/0693/6425/2915/files/white_front_57200f79-432e-4254-92f8-434dce4f15f0.jpg?v=1753357491,g,
gildan-5000-heavy-cotton-t-shirt,,,,,,,,White,,4XL,,1 Print Area,GILDAN_5000_WHITE_4XL_01,0,,,continue,manual,24.00,,TRUE,TRUE,,,,,,https://cdn.shopify.com/s/files/1/0693/6425/2915/files/white_front_57200f79-432e-4254-92f8-434dce4f15f0.jpg?v=1753357491,g,
gildan-5000-heavy-cotton-t-shirt,,,,,,,,White,,4XL,,2 Print Areas,GILDAN_5000_WHITE_4XL_02,0,,,continue,manual,34.00,,TRUE,TRUE,,,,,,https://cdn.shopify.com/s/files/1/0693/6425/2915/files/white_front_57200f79-432e-4254-92f8-434dce4f15f0.jpg?v=1753357491,g,
gildan-5000-heavy-cotton-t-shirt,,,,,,,,White,,4XL,,3 Print Areas,GILDAN_5000_WHITE_4XL_03,0,,,continue,manual,44.00,,TRUE,TRUE,,,,,,https://cdn.shopify.com/s/files/1/0693/6425/2915/files/white_front_57200f79-432e-4254-92f8-434dce4f15f0.jpg?v=1753357491,g,
gildan-5000-heavy-cotton-t-shirt,,,,,,,,White,,4XL,,4 Print Areas,GILDAN_5000_WHITE_4XL_04,0,,,continue,manual,54.00,,TRUE,TRUE,,,,,,https://cdn.shopify.com/s/files/1/0693/6425/2915/files/white_front_57200f79-432e-4254-92f8-434dce4f15f0.jpg?v=1753357491,g,
gildan-5000-heavy-cotton-t-shirt,,,,,,,,White,,5XL,,1 Print Area,GILDAN_5000_WHITE_5XL_01,0,,,continue,manual,24.00,,TRUE,TRUE,,,,,,https://cdn.shopify.com/s/files/1/0693/6425/2915/files/white_front_57200f79-432e-4254-92f8-434dce4f15f0.jpg?v=1753357491,g,
gildan-5000-heavy-cotton-t-shirt,,,,,,,,White,,5XL,,2 Print Areas,GILDAN_5000_WHITE_5XL_02,0,,,continue,manual,34.00,,TRUE,TRUE,,,,,,https://cdn.shopify.com/s/files/1/0693/6425/2915/files/white_front_57200f79-432e-4254-92f8-434dce4f15f0.jpg?v=1753357491,g,
gildan-5000-heavy-cotton-t-shirt,,,,,,,,White,,5XL,,3 Print Areas,GILDAN_5000_WHITE_5XL_03,0,,,continue,manual,44.00,,TRUE,TRUE,,,,,,https://cdn.shopify.com/s/files/1/0693/6425/2915/files/white_front_57200f79-432e-4254-92f8-434dce4f15f0.jpg?v=1753357491,g,
gildan-5000-heavy-cotton-t-shirt,,,,,,,,White,,5XL,,4 Print Areas,GILDAN_5000_WHITE_5XL_04,0,,,continue,manual,54.00,,TRUE,TRUE,,,,,,https://cdn.shopify.com/s/files/1/0693/6425/2915/files/white_front_57200f79-432e-4254-92f8-434dce4f15f0.jpg?v=1753357491,g,
gildan-5000-heavy-cotton-t-shirt,,,,,,,,Ash,,SM,,1 Print Area,GILDAN_5000_ASH_SM_01,0,,,continue,manual,18.00,,TRUE,TRUE,,,,,,https://cdn.shopify.com/s/files/1/0693/6425/2915/files/1200W-625-Ash-12-5000AshFlatFront3.jpg?v=1753357510,g,
gildan-5000-heavy-cotton-t-shirt,,,,,,,,Ash,,SM,,2 Print Areas,GILDAN_5000_ASH_SM_02,0,,,continue,manual,28.00,,TRUE,TRUE,,,,,,https://cdn.shopify.com/s/files/1/0693/6425/2915/files/1200W-625-Ash-12-5000AshFlatFront3.jpg?v=1753357510,g,
gildan-5000-heavy-cotton-t-shirt,,,,,,,,Ash,,SM,,3 Print Areas,GILDAN_5000_ASH_SM_03,0,,,continue,manual,38.00,,TRUE,TRUE,,,,,,https://cdn.shopify.com/s/files/1/0693/6425/2915/files/1200W-625-Ash-12-5000AshFlatFront3.jpg?v=1753357510,g,
gildan-5000-heavy-cotton-t-shirt,,,,,,,,Ash,,SM,,4 Print Areas,GILDAN_5000_ASH_SM_04,0,,,continue,manual,48.00,,TRUE,TRUE,,,,,,https://cdn.shopify.com/s/files/1/0693/6425/2915/files/1200W-625-Ash-12-5000AshFlatFront3.jpg?v=1753357510,g,
gildan-5000-heavy-cotton-t-shirt,,,,,,,,Ash,,MD,,1 Print Area,GILDAN_5000_ASH_MD_01,0,,,continue,manual,18.00,,TRUE,TRUE,,,,,,https://cdn.shopify.com/s/files/1/0693/6425/2915/files/1200W-625-Ash-12-5000AshFlatFront3.jpg?v=1753357510,g,
gildan-5000-heavy-cotton-t-shirt,,,,,,,,Ash,,MD,,2 Print Areas,GILDAN_5000_ASH_MD_02,0,,,continue,manual,28.00,,TRUE,TRUE,,,,,,https://cdn.shopify.com/s/files/1/0693/6425/2915/files/1200W-625-Ash-12-5000AshFlatFront3.jpg?v=1753357510,g,
gildan-5000-heavy-cotton-t-shirt,,,,,,,,Ash,,MD,,3 Print Areas,GILDAN_5000_ASH_MD_03,0,,,continue,manual,38.00,,TRUE,TRUE,,,,,,https://cdn.shopify.com/s/files/1/0693/6425/2915/files/1200W-625-Ash-12-5000AshFlatFront3.jpg?v=1753357510,g,
gildan-5000-heavy-cotton-t-shirt,,,,,,,,Ash,,MD,,4 Print Areas,GILDAN_5000_ASH_MD_04,0,,,continue,manual,48.00,,TRUE,TRUE,,,,,,https://cdn.shopify.com/s/files/1/0693/6425/2915/files/1200W-625-Ash-12-5000AshFlatFront3.jpg?v=1753357510,g,
gildan-5000-heavy-cotton-t-shirt,,,,,,,,Ash,,LG,,1 Print Area,GILDAN_5000_ASH_LG_01,0,,,continue,manual,18.00,,TRUE,TRUE,,,,,,https://cdn.shopify.com/s/files/1/0693/6425/2915/files/1200W-625-Ash-12-5000AshFlatFront3.jpg?v=1753357510,g,
gildan-5000-heavy-cotton-t-shirt,,,,,,,,Ash,,LG,,2 Print Areas,GILDAN_5000_ASH_LG_02,0,,,continue,manual,28.00,,TRUE,TRUE,,,,,,https://cdn.shopify.com/s/files/1/0693/6425/2915/files/1200W-625-Ash-12-5000AshFlatFront3.jpg?v=1753357510,g,
gildan-5000-heavy-cotton-t-shirt,,,,,,,,Ash,,LG,,3 Print Areas,GILDAN_5000_ASH_LG_03,0,,,continue,manual,38.00,,TRUE,TRUE,,,,,,https://cdn.shopify.com/s/files/1/0693/6425/2915/files/1200W-625-Ash-12-5000AshFlatFront3.jpg?v=1753357510,g,
gildan-5000-heavy-cotton-t-shirt,,,,,,,,Ash,,LG,,4 Print Areas,GILDAN_5000_ASH_LG_04,0,,,continue,manual,48.00,,TRUE,TRUE,,,,,,https://cdn.shopify.com/s/files/1/0693/6425/2915/files/1200W-625-Ash-12-5000AshFlatFront3.jpg?v=1753357510,g,
gildan-5000-heavy-cotton-t-shirt,,,,,,,,Ash,,XL,,1 Print Area,GILDAN_5000_ASH_XL_01,0,,,continue,manual,18.00,,TRUE,TRUE,,,,,,https://cdn.shopify.com/s/files/1/0693/6425/2915/files/1200W-625-Ash-12-5000AshFlatFront3.jpg?v=1753357510,g,
gildan-5000-heavy-cotton-t-shirt,,,,,,,,Ash,,XL,,2 Print Areas,GILDAN_5000_ASH_XL_02,0,,,continue,manual,28.00,,TRUE,TRUE,,,,,,https://cdn.shopify.com/s/files/1/0693/6425/2915/files/1200W-625-Ash-12-5000AshFlatFront3.jpg?v=1753357510,g,
gildan-5000-heavy-cotton-t-shirt,,,,,,,,Ash,,XL,,3 Print Areas,GILDAN_5000_ASH_XL_03,0,,,continue,manual,38.00,,TRUE,TRUE,,,,,,https://cdn.shopify.com/s/files/1/0693/6425/2915/files/1200W-625-Ash-12-5000AshFlatFront3.jpg?v=1753357510,g,
gildan-5000-heavy-cotton-t-shirt,,,,,,,,Ash,,XL,,4 Print Areas,GILDAN_5000_ASH_XL_04,0,,,continue,manual,48.00,,TRUE,TRUE,,,,,,https://cdn.shopify.com/s/files/1/0693/6425/2915/files/1200W-625-Ash-12-5000AshFlatFront3.jpg?v=1753357510,g,
gildan-5000-heavy-cotton-t-shirt,,,,,,,,Ash,,2XL,,1 Print Area,GILDAN_5000_ASH_2XL_01,0,,,continue,manual,22.00,,TRUE,TRUE,,,,,,https://cdn.shopify.com/s/files/1/0693/6425/2915/files/1200W-625-Ash-12-5000AshFlatFront3.jpg?v=1753357510,g,
gildan-5000-heavy-cotton-t-shirt,,,,,,,,Ash,,2XL,,2 Print Areas,GILDAN_5000_ASH_2XL_02,0,,,continue,manual,32.00,,TRUE,TRUE,,,,,,https://cdn.shopify.com/s/files/1/0693/6425/2915/files/1200W-625-Ash-12-5000AshFlatFront3.jpg?v=1753357510,g,
gildan-5000-heavy-cotton-t-shirt,,,,,,,,Ash,,2XL,,3 Print Areas,GILDAN_5000_ASH_2XL_03,0,,,continue,manual,42.00,,TRUE,TRUE,,,,,,https://cdn.shopify.com/s/files/1/0693/6425/2915/files/1200W-625-Ash-12-5000AshFlatFront3.jpg?v=1753357510,g,
gildan-5000-heavy-cotton-t-shirt,,,,,,,,Ash,,2XL,,4 Print Areas,GILDAN_5000_ASH_2XL_04,0,,,continue,manual,52.00,,TRUE,TRUE,,,,,,https://cdn.shopify.com/s/files/1/0693/6425/2915/files/1200W-625-Ash-12-5000AshFlatFront3.jpg?v=1753357510,g,
gildan-5000-heavy-cotton-t-shirt,,,,,,,,Ash,,3XL,,1 Print Area,GILDAN_5000_ASH_3XL_01,0,,,continue,manual,24.00,,TRUE,TRUE,,,,,,https://cdn.shopify.com/s/files/1/0693/6425/2915/files/1200W-625-Ash-12-5000AshFlatFront3.jpg?v=1753357510,g,
gildan-5000-heavy-cotton-t-shirt,,,,,,,,Ash,,3XL,,2 Print Areas,GILDAN_5000_ASH_3XL_02,0,,,continue,manual,34.00,,TRUE,TRUE,,,,,,https://cdn.shopify.com/s/files/1/0693/6425/2915/files/1200W-625-Ash-12-5000AshFlatFront3.jpg?v=1753357510,g,
gildan-5000-heavy-cotton-t-shirt,,,,,,,,Ash,,3XL,,3 Print Areas,GILDAN_5000_ASH_3XL_03,0,,,continue,manual,44.00,,TRUE,TRUE,,,,,,https://cdn.shopify.com/s/files/1/0693/6425/2915/files/1200W-625-Ash-12-5000AshFlatFront3.jpg?v=1753357510,g,
gildan-5000-heavy-cotton-t-shirt,,,,,,,,Ash,,3XL,,4 Print Areas,GILDAN_5000_ASH_3XL_04,0,,,continue,manual,54.00,,TRUE,TRUE,,,,,,https://cdn.shopify.com/s/files/1/0693/6425/2915/files/1200W-625-Ash-12-5000AshFlatFront3.jpg?v=1753357510,g,
gildan-5000-heavy-cotton-t-shirt,,,,,,,,Ash,,4XL,,1 Print Area,GILDAN_5000_ASH_4XL_01,0,,,continue,manual,24.00,,TRUE,TRUE,,,,,,https://cdn.shopify.com/s/files/1/0693/6425/2915/files/1200W-625-Ash-12-5000AshFlatFront3.jpg?v=1753357510,g,
gildan-5000-heavy-cotton-t-shirt,,,,,,,,Ash,,4XL,,2 Print Areas,GILDAN_5000_ASH_4XL_02,0,,,continue,manual,34.00,,TRUE,TRUE,,,,,,https://cdn.shopify.com/s/files/1/0693/6425/2915/files/1200W-625-Ash-12-5000AshFlatFront3.jpg?v=1753357510,g,
gildan-5000-heavy-cotton-t-shirt,,,,,,,,Ash,,4XL,,3 Print Areas,GILDAN_5000_ASH_4XL_03,0,,,continue,manual,44.00,,TRUE,TRUE,,,,,,https://cdn.shopify.com/s/files/1/0693/6425/2915/files/1200W-625-Ash-12-5000AshFlatFront3.jpg?v=1753357510,g,
gildan-5000-heavy-cotton-t-shirt,,,,,,,,Ash,,4XL,,4 Print Areas,GILDAN_5000_ASH_4XL_04,0,,,continue,manual,54.00,,TRUE,TRUE,,,,,,https://cdn.shopify.com/s/files/1/0693/6425/2915/files/1200W-625-Ash-12-5000AshFlatFront3.jpg?v=1753357510,g,
gildan-5000-heavy-cotton-t-shirt,,,,,,,,Ash,,5XL,,1 Print Area,GILDAN_5000_ASH_5XL_01,0,,,continue,manual,24.00,,TRUE,TRUE,,,,,,https://cdn.shopify.com/s/files/1/0693/6425/2915/files/1200W-625-Ash-12-5000AshFlatFront3.jpg?v=1753357510,g,
gildan-5000-heavy-cotton-t-shirt,,,,,,,,Ash,,5XL,,2 Print Areas,GILDAN_5000_ASH_5XL_02,0,,,continue,manual,34.00,,TRUE,TRUE,,,,,,https://cdn.shopify.com/s/files/1/0693/6425/2915/files/1200W-625-Ash-12-5000AshFlatFront3.jpg?v=1753357510,g,
gildan-5000-heavy-cotton-t-shirt,,,,,,,,Ash,,5XL,,3 Print Areas,GILDAN_5000_ASH_5XL_03,0,,,continue,manual,44.00,,TRUE,TRUE,,,,,,https://cdn.shopify.com/s/files/1/0693/6425/2915/files/1200W-625-Ash-12-5000AshFlatFront3.jpg?v=1753357510,g,
gildan-5000-heavy-cotton-t-shirt,,,,,,,,Ash,,5XL,,4 Print Areas,GILDAN_5000_ASH_5XL_04,0,,,continue,manual,54.00,,TRUE,TRUE,,,,,,https://cdn.shopify.com/s/files/1/0693/6425/2915/files/1200W-625-Ash-12-5000AshFlatFront3.jpg?v=1753357510,g,
gildan-5000-heavy-cotton-t-shirt,,,,,,,,Charcoal,,SM,,1 Print Area,GILDAN_5000_CHARCOAL_SM_01,0,,,continue,manual,18.00,,TRUE,TRUE,,,,,,https://cdn.shopify.com/s/files/1/0693/6425/2915/files/charcoal_front.jpg?v=1753357491,g,
gildan-5000-heavy-cotton-t-shirt,,,,,,,,Charcoal,,SM,,2 Print Areas,GILDAN_5000_CHARCOAL_SM_02,0,,,continue,manual,28.00,,TRUE,TRUE,,,,,,https://cdn.shopify.com/s/files/1/0693/6425/2915/files/charcoal_front.jpg?v=1753357491,g,
gildan-5000-heavy-cotton-t-shirt,,,,,,,,Charcoal,,SM,,3 Print Areas,GILDAN_5000_CHARCOAL_SM_03,0,,,continue,manual,38.00,,TRUE,TRUE,,,,,,https://cdn.shopify.com/s/files/1/0693/6425/2915/files/charcoal_front.jpg?v=1753357491,g,
gildan-5000-heavy-cotton-t-shirt,,,,,,,,Charcoal,,SM,,4 Print Areas,GILDAN_5000_CHARCOAL_SM_04,0,,,continue,manual,48.00,,TRUE,TRUE,,,,,,https://cdn.shopify.com/s/files/1/0693/6425/2915/files/charcoal_front.jpg?v=1753357491,g,
gildan-5000-heavy-cotton-t-shirt,,,,,,,,Charcoal,,MD,,1 Print Area,GILDAN_5000_CHARCOAL_MD_01,0,,,continue,manual,18.00,,TRUE,TRUE,,,,,,https://cdn.shopify.com/s/files/1/0693/6425/2915/files/charcoal_front.jpg?v=1753357491,g,
gildan-5000-heavy-cotton-t-shirt,,,,,,,,Charcoal,,MD,,2 Print Areas,GILDAN_5000_CHARCOAL_MD_02,0,,,continue,manual,28.00,,TRUE,TRUE,,,,,,https://cdn.shopify.com/s/files/1/0693/6425/2915/files/charcoal_front.jpg?v=1753357491,g,
gildan-5000-heavy-cotton-t-shirt,,,,,,,,Charcoal,,MD,,3 Print Areas,GILDAN_5000_CHARCOAL_MD_03,0,,,continue,manual,38.00,,TRUE,TRUE,,,,,,https://cdn.shopify.com/s/files/1/0693/6425/2915/files/charcoal_front.jpg?v=1753357491,g,
gildan-5000-heavy-cotton-t-shirt,,,,,,,,Charcoal,,MD,,4 Print Areas,GILDAN_5000_CHARCOAL_MD_04,0,,,continue,manual,48.00,,TRUE,TRUE,,,,,,https://cdn.shopify.com/s/files/1/0693/6425/2915/files/charcoal_front.jpg?v=1753357491,g,
gildan-5000-heavy-cotton-t-shirt,,,,,,,,Charcoal,,LG,,1 Print Area,GILDAN_5000_CHARCOAL_LG_01,0,,,continue,manual,18.00,,TRUE,TRUE,,,,,,https://cdn.shopify.com/s/files/1/0693/6425/2915/files/charcoal_front.jpg?v=1753357491,g,
gildan-5000-heavy-cotton-t-shirt,,,,,,,,Charcoal,,LG,,2 Print Areas,GILDAN_5000_CHARCOAL_LG_02,0,,,continue,manual,28.00,,TRUE,TRUE,,,,,,https://cdn.shopify.com/s/files/1/0693/6425/2915/files/charcoal_front.jpg?v=1753357491,g,
gildan-5000-heavy-cotton-t-shirt,,,,,,,,Charcoal,,LG,,3 Print Areas,GILDAN_5000_CHARCOAL_LG_03,0,,,continue,manual,38.00,,TRUE,TRUE,,,,,,https://cdn.shopify.com/s/files/1/0693/6425/2915/files/charcoal_front.jpg?v=1753357491,g,
gildan-5000-heavy-cotton-t-shirt,,,,,,,,Charcoal,,LG,,4 Print Areas,GILDAN_5000_CHARCOAL_LG_04,0,,,continue,manual,48.00,,TRUE,TRUE,,,,,,https://cdn.shopify.com/s/files/1/0693/6425/2915/files/charcoal_front.jpg?v=1753357491,g,
gildan-5000-heavy-cotton-t-shirt,,,,,,,,Charcoal,,XL,,1 Print Area,GILDAN_5000_CHARCOAL_XL_01,0,,,continue,manual,18.00,,TRUE,TRUE,,,,,,https://cdn.shopify.com/s/files/1/0693/6425/2915/files/charcoal_front.jpg?v=1753357491,g,
gildan-5000-heavy-cotton-t-shirt,,,,,,,,Charcoal,,XL,,2 Print Areas,GILDAN_5000_CHARCOAL_XL_02,0,,,continue,manual,28.00,,TRUE,TRUE,,,,,,https://cdn.shopify.com/s/files/1/0693/6425/2915/files/charcoal_front.jpg?v=1753357491,g,
gildan-5000-heavy-cotton-t-shirt,,,,,,,,Charcoal,,XL,,3 Print Areas,GILDAN_5000_CHARCOAL_XL_03,0,,,continue,manual,38.00,,TRUE,TRUE,,,,,,https://cdn.shopify.com/s/files/1/0693/6425/2915/files/charcoal_front.jpg?v=1753357491,g,
gildan-5000-heavy-cotton-t-shirt,,,,,,,,Charcoal,,XL,,4 Print Areas,GILDAN_5000_CHARCOAL_XL_04,0,,,continue,manual,48.00,,TRUE,TRUE,,,,,,https://cdn.shopify.com/s/files/1/0693/6425/2915/files/charcoal_front.jpg?v=1753357491,g,
gildan-5000-heavy-cotton-t-shirt,,,,,,,,Charcoal,,2XL,,1 Print Area,GILDAN_5000_CHARCOAL_2XL_01,0,,,continue,manual,22.00,,TRUE,TRUE,,,,,,https://cdn.shopify.com/s/files/1/0693/6425/2915/files/charcoal_front.jpg?v=1753357491,g,
gildan-5000-heavy-cotton-t-shirt,,,,,,,,Charcoal,,2XL,,2 Print Areas,GILDAN_5000_CHARCOAL_2XL_02,0,,,continue,manual,32.00,,TRUE,TRUE,,,,,,https://cdn.shopify.com/s/files/1/0693/6425/2915/files/charcoal_front.jpg?v=1753357491,g,
gildan-5000-heavy-cotton-t-shirt,,,,,,,,Charcoal,,2XL,,3 Print Areas,GILDAN_5000_CHARCOAL_2XL_03,0,,,continue,manual,42.00,,TRUE,TRUE,,,,,,https://cdn.shopify.com/s/files/1/0693/6425/2915/files/charcoal_front.jpg?v=1753357491,g,
gildan-5000-heavy-cotton-t-shirt,,,,,,,,Charcoal,,2XL,,4 Print Areas,GILDAN_5000_CHARCOAL_2XL_04,0,,,continue,manual,52.00,,TRUE,TRUE,,,,,,https://cdn.shopify.com/s/files/1/0693/6425/2915/files/charcoal_front.jpg?v=1753357491,g,
gildan-5000-heavy-cotton-t-shirt,,,,,,,,Charcoal,,3XL,,1 Print Area,GILDAN_5000_CHARCOAL_3XL_01,0,,,continue,manual,24.00,,TRUE,TRUE,,,,,,https://cdn.shopify.com/s/files/1/0693/6425/2915/files/charcoal_front.jpg?v=1753357491,g,
gildan-5000-heavy-cotton-t-shirt,,,,,,,,Charcoal,,3XL,,2 Print Areas,GILDAN_5000_CHARCOAL_3XL_02,0,,,continue,manual,34.00,,TRUE,TRUE,,,,,,https://cdn.shopify.com/s/files/1/0693/6425/2915/files/charcoal_front.jpg?v=1753357491,g,
gildan-5000-heavy-cotton-t-shirt,,,,,,,,Charcoal,,3XL,,3 Print Areas,GILDAN_5000_CHARCOAL_3XL_03,0,,,continue,manual,44.00,,TRUE,TRUE,,,,,,https://cdn.shopify.com/s/files/1/0693/6425/2915/files/charcoal_front.jpg?v=1753357491,g,
gildan-5000-heavy-cotton-t-shirt,,,,,,,,Charcoal,,3XL,,4 Print Areas,GILDAN_5000_CHARCOAL_3XL_04,0,,,continue,manual,54.00,,TRUE,TRUE,,,,,,https://cdn.shopify.com/s/files/1/0693/6425/2915/files/charcoal_front.jpg?v=1753357491,g,
gildan-5000-heavy-cotton-t-shirt,,,,,,,,Charcoal,,4XL,,1 Print Area,GILDAN_5000_CHARCOAL_4XL_01,0,,,continue,manual,24.00,,TRUE,TRUE,,,,,,https://cdn.shopify.com/s/files/1/0693/6425/2915/files/charcoal_front.jpg?v=1753357491,g,
gildan-5000-heavy-cotton-t-shirt,,,,,,,,Charcoal,,4XL,,2 Print Areas,GILDAN_5000_CHARCOAL_4XL_02,0,,,continue,manual,34.00,,TRUE,TRUE,,,,,,https://cdn.shopify.com/s/files/1/0693/6425/2915/files/charcoal_front.jpg?v=1753357491,g,
gildan-5000-heavy-cotton-t-shirt,,,,,,,,Charcoal,,4XL,,3 Print Areas,GILDAN_5000_CHARCOAL_4XL_03,0,,,continue,manual,44.00,,TRUE,TRUE,,,,,,https://cdn.shopify.com/s/files/1/0693/6425/2915/files/charcoal_front.jpg?v=1753357491,g,
gildan-5000-heavy-cotton-t-shirt,,,,,,,,Charcoal,,4XL,,4 Print Areas,GILDAN_5000_CHARCOAL_4XL_04,0,,,continue,manual,54.00,,TRUE,TRUE,,,,,,https://cdn.shopify.com/s/files/1/0693/6425/2915/files/charcoal_front.jpg?v=1753357491,g,
gildan-5000-heavy-cotton-t-shirt,,,,,,,,Charcoal,,5XL,,1 Print Area,GILDAN_5000_CHARCOAL_5XL_01,0,,,continue,manual,24.00,,TRUE,TRUE,,,,,,https://cdn.shopify.com/s/files/1/0693/6425/2915/files/charcoal_front.jpg?v=1753357491,g,
gildan-5000-heavy-cotton-t-shirt,,,,,,,,Charcoal,,5XL,,2 Print Areas,GILDAN_5000_CHARCOAL_5XL_02,0,,,continue,manual,34.00,,TRUE,TRUE,,,,,,https://cdn.shopify.com/s/files/1/0693/6425/2915/files/charcoal_front.jpg?v=1753357491,g,
gildan-5000-heavy-cotton-t-shirt,,,,,,,,Charcoal,,5XL,,3 Print Areas,GILDAN_5000_CHARCOAL_5XL_03,0,,,continue,manual,44.00,,TRUE,TRUE,,,,,,https://cdn.shopify.com/s/files/1/0693/6425/2915/files/charcoal_front.jpg?v=1753357491,g,
gildan-5000-heavy-cotton-t-shirt,,,,,,,,Charcoal,,5XL,,4 Print Areas,GILDAN_5000_CHARCOAL_5XL_04,0,,,continue,manual,54.00,,TRUE,TRUE,,,,,,https://cdn.shopify.com/s/files/1/0693/6425/2915/files/charcoal_front.jpg?v=1753357491,g,
gildan-5000-heavy-cotton-t-shirt,,,,,,,,Sport Grey,,SM,,1 Print Area,GILDAN_5000_SPORT_GREY_SM_01,0,,,continue,manual,18.00,,TRUE,TRUE,,,,,,https://cdn.shopify.com/s/files/1/0693/6425/2915/files/sport_grey_fornt.jpg?v=1753357492,g,
gildan-5000-heavy-cotton-t-shirt,,,,,,,,Sport Grey,,SM,,2 Print Areas,GILDAN_5000_SPORT_GREY_SM_02,0,,,continue,manual,28.00,,TRUE,TRUE,,,,,,https://cdn.shopify.com/s/files/1/0693/6425/2915/files/sport_grey_fornt.jpg?v=1753357492,g,
gildan-5000-heavy-cotton-t-shirt,,,,,,,,Sport Grey,,SM,,3 Print Areas,GILDAN_5000_SPORT_GREY_SM_03,0,,,continue,manual,38.00,,TRUE,TRUE,,,,,,https://cdn.shopify.com/s/files/1/0693/6425/2915/files/sport_grey_fornt.jpg?v=1753357492,g,
gildan-5000-heavy-cotton-t-shirt,,,,,,,,Sport Grey,,SM,,4 Print Areas,GILDAN_5000_SPORT_GREY_SM_04,0,,,continue,manual,48.00,,TRUE,TRUE,,,,,,https://cdn.shopify.com/s/files/1/0693/6425/2915/files/sport_grey_fornt.jpg?v=1753357492,g,
gildan-5000-heavy-cotton-t-shirt,,,,,,,,Sport Grey,,MD,,1 Print Area,GILDAN_5000_SPORT_GREY_MD_01,0,,,continue,manual,18.00,,TRUE,TRUE,,,,,,https://cdn.shopify.com/s/files/1/0693/6425/2915/files/sport_grey_fornt.jpg?v=1753357492,g,
gildan-5000-heavy-cotton-t-shirt,,,,,,,,Sport Grey,,MD,,2 Print Areas,GILDAN_5000_SPORT_GREY_MD_02,0,,,continue,manual,28.00,,TRUE,TRUE,,,,,,https://cdn.shopify.com/s/files/1/0693/6425/2915/files/sport_grey_fornt.jpg?v=1753357492,g,
gildan-5000-heavy-cotton-t-shirt,,,,,,,,Sport Grey,,MD,,3 Print Areas,GILDAN_5000_SPORT_GREY_MD_03,0,,,continue,manual,38.00,,TRUE,TRUE,,,,,,https://cdn.shopify.com/s/files/1/0693/6425/2915/files/sport_grey_fornt.jpg?v=1753357492,g,
gildan-5000-heavy-cotton-t-shirt,,,,,,,,Sport Grey,,MD,,4 Print Areas,GILDAN_5000_SPORT_GREY_MD_04,0,,,continue,manual,48.00,,TRUE,TRUE,,,,,,https://cdn.shopify.com/s/files/1/0693/6425/2915/files/sport_grey_fornt.jpg?v=1753357492,g,
gildan-5000-heavy-cotton-t-shirt,,,,,,,,Sport Grey,,LG,,1 Print Area,GILDAN_5000_SPORT_GREY_LG_01,0,,,continue,manual,18.00,,TRUE,TRUE,,,,,,https://cdn.shopify.com/s/files/1/0693/6425/2915/files/sport_grey_fornt.jpg?v=1753357492,g,
gildan-5000-heavy-cotton-t-shirt,,,,,,,,Sport Grey,,LG,,2 Print Areas,GILDAN_5000_SPORT_GREY_LG_02,0,,,continue,manual,28.00,,TRUE,TRUE,,,,,,https://cdn.shopify.com/s/files/1/0693/6425/2915/files/sport_grey_fornt.jpg?v=1753357492,g,
gildan-5000-heavy-cotton-t-shirt,,,,,,,,Sport Grey,,LG,,3 Print Areas,GILDAN_5000_SPORT_GREY_LG_03,0,,,continue,manual,38.00,,TRUE,TRUE,,,,,,https://cdn.shopify.com/s/files/1/0693/6425/2915/files/sport_grey_fornt.jpg?v=1753357492,g,
gildan-5000-heavy-cotton-t-shirt,,,,,,,,Sport Grey,,LG,,4 Print Areas,GILDAN_5000_SPORT_GREY_LG_04,0,,,continue,manual,48.00,,TRUE,TRUE,,,,,,https://cdn.shopify.com/s/files/1/0693/6425/2915/files/sport_grey_fornt.jpg?v=1753357492,g,
gildan-5000-heavy-cotton-t-shirt,,,,,,,,Sport Grey,,XL,,1 Print Area,GILDAN_5000_SPORT_GREY_XL_01,0,,,continue,manual,18.00,,TRUE,TRUE,,,,,,https://cdn.shopify.com/s/files/1/0693/6425/2915/files/sport_grey_fornt.jpg?v=1753357492,g,
gildan-5000-heavy-cotton-t-shirt,,,,,,,,Sport Grey,,XL,,2 Print Areas,GILDAN_5000_SPORT_GREY_XL_02,0,,,continue,manual,28.00,,TRUE,TRUE,,,,,,https://cdn.shopify.com/s/files/1/0693/6425/2915/files/sport_grey_fornt.jpg?v=1753357492,g,
gildan-5000-heavy-cotton-t-shirt,,,,,,,,Sport Grey,,XL,,3 Print Areas,GILDAN_5000_SPORT_GREY_XL_03,0,,,continue,manual,38.00,,TRUE,TRUE,,,,,,https://cdn.shopify.com/s/files/1/0693/6425/2915/files/sport_grey_fornt.jpg?v=1753357492,g,
gildan-5000-heavy-cotton-t-shirt,,,,,,,,Sport Grey,,XL,,4 Print Areas,GILDAN_5000_SPORT_GREY_XL_04,0,,,continue,manual,48.00,,TRUE,TRUE,,,,,,https://cdn.shopify.com/s/files/1/0693/6425/2915/files/sport_grey_fornt.jpg?v=1753357492,g,
gildan-5000-heavy-cotton-t-shirt,,,,,,,,Sport Grey,,2XL,,1 Print Area,GILDAN_5000_SPORT_GREY_2XL_01,0,,,continue,manual,22.00,,TRUE,TRUE,,,,,,https://cdn.shopify.com/s/files/1/0693/6425/2915/files/sport_grey_fornt.jpg?v=1753357492,g,
gildan-5000-heavy-cotton-t-shirt,,,,,,,,Sport Grey,,2XL,,2 Print Areas,GILDAN_5000_SPORT_GREY_2XL_02,0,,,continue,manual,32.00,,TRUE,TRUE,,,,,,https://cdn.shopify.com/s/files/1/0693/6425/2915/files/sport_grey_fornt.jpg?v=1753357492,g,
gildan-5000-heavy-cotton-t-shirt,,,,,,,,Sport Grey,,2XL,,3 Print Areas,GILDAN_5000_SPORT_GREY_2XL_03,0,,,continue,manual,42.00,,TRUE,TRUE,,,,,,https://cdn.shopify.com/s/files/1/0693/6425/2915/files/sport_grey_fornt.jpg?v=1753357492,g,
gildan-5000-heavy-cotton-t-shirt,,,,,,,,Sport Grey,,2XL,,4 Print Areas,GILDAN_5000_SPORT_GREY_2XL_04,0,,,continue,manual,52.00,,TRUE,TRUE,,,,,,https://cdn.shopify.com/s/files/1/0693/6425/2915/files/sport_grey_fornt.jpg?v=1753357492,g,
gildan-5000-heavy-cotton-t-shirt,,,,,,,,Sport Grey,,3XL,,1 Print Area,GILDAN_5000_SPORT_GREY_3XL_01,0,,,continue,manual,24.00,,TRUE,TRUE,,,,,,https://cdn.shopify.com/s/files/1/0693/6425/2915/files/sport_grey_fornt.jpg?v=1753357492,g,
gildan-5000-heavy-cotton-t-shirt,,,,,,,,Sport Grey,,3XL,,2 Print Areas,GILDAN_5000_SPORT_GREY_3XL_02,0,,,continue,manual,34.00,,TRUE,TRUE,,,,,,https://cdn.shopify.com/s/files/1/0693/6425/2915/files/sport_grey_fornt.jpg?v=1753357492,g,
gildan-5000-heavy-cotton-t-shirt,,,,,,,,Sport Grey,,3XL,,3 Print Areas,GILDAN_5000_SPORT_GREY_3XL_03,0,,,continue,manual,44.00,,TRUE,TRUE,,,,,,https://cdn.shopify.com/s/files/1/0693/6425/2915/files/sport_grey_fornt.jpg?v=1753357492,g,
gildan-5000-heavy-cotton-t-shirt,,,,,,,,Sport Grey,,3XL,,4 Print Areas,GILDAN_5000_SPORT_GREY_3XL_04,0,,,continue,manual,54.00,,TRUE,TRUE,,,,,,https://cdn.shopify.com/s/files/1/0693/6425/2915/files/sport_grey_fornt.jpg?v=1753357492,g,
gildan-5000-heavy-cotton-t-shirt,,,,,,,,Sport Grey,,4XL,,1 Print Area,GILDAN_5000_SPORT_GREY_4XL_01,0,,,continue,manual,24.00,,TRUE,TRUE,,,,,,https://cdn.shopify.com/s/files/1/0693/6425/2915/files/sport_grey_fornt.jpg?v=1753357492,g,
gildan-5000-heavy-cotton-t-shirt,,,,,,,,Sport Grey,,4XL,,2 Print Areas,GILDAN_5000_SPORT_GREY_4XL_02,0,,,continue,manual,34.00,,TRUE,TRUE,,,,,,https://cdn.shopify.com/s/files/1/0693/6425/2915/files/sport_grey_fornt.jpg?v=1753357492,g,
gildan-5000-heavy-cotton-t-shirt,,,,,,,,Sport Grey,,4XL,,3 Print Areas,GILDAN_5000_SPORT_GREY_4XL_03,0,,,continue,manual,44.00,,TRUE,TRUE,,,,,,https://cdn.shopify.com/s/files/1/0693/6425/2915/files/sport_grey_fornt.jpg?v=1753357492,g,
gildan-5000-heavy-cotton-t-shirt,,,,,,,,Sport Grey,,4XL,,4 Print Areas,GILDAN_5000_SPORT_GREY_4XL_04,0,,,continue,manual,54.00,,TRUE,TRUE,,,,,,https://cdn.shopify.com/s/files/1/0693/6425/2915/files/sport_grey_fornt.jpg?v=1753357492,g,
gildan-5000-heavy-cotton-t-shirt,,,,,,,,Sport Grey,,5XL,,1 Print Area,GILDAN_5000_SPORT_GREY_5XL_01,0,,,continue,manual,24.00,,TRUE,TRUE,,,,,,https://cdn.shopify.com/s/files/1/0693/6425/2915/files/sport_grey_fornt.jpg?v=1753357492,g,
gildan-5000-heavy-cotton-t-shirt,,,,,,,,Sport Grey,,5XL,,2 Print Areas,GILDAN_5000_SPORT_GREY_5XL_02,0,,,continue,manual,34.00,,TRUE,TRUE,,,,,,https://cdn.shopify.com/s/files/1/0693/6425/2915/files/sport_grey_fornt.jpg?v=1753357492,g,
gildan-5000-heavy-cotton-t-shirt,,,,,,,,Sport Grey,,5XL,,3 Print Areas,GILDAN_5000_SPORT_GREY_5XL_03,0,,,continue,manual,44.00,,TRUE,TRUE,,,,,,https://cdn.shopify.com/s/files/1/0693/6425/2915/files/sport_grey_fornt.jpg?v=1753357492,g,
gildan-5000-heavy-cotton-t-shirt,,,,,,,,Sport Grey,,5XL,,4 Print Areas,GILDAN_5000_SPORT_GREY_5XL_04,0,,,continue,manual,54.00,,TRUE,TRUE,,,,,,https://cdn.shopify.com/s/files/1/0693/6425/2915/files/sport_grey_fornt.jpg?v=1753357492,g,
gildan-5000-heavy-cotton-t-shirt,,,,,,,,Navy,,SM,,1 Print Area,GILDAN_5000_NAVY_SM_01,0,,,continue,manual,18.00,,TRUE,TRUE,,,,,,https://cdn.shopify.com/s/files/1/0693/6425/2915/files/navy_front_a13f69ff-cffc-4f59-b8bb-f63c010f6519.jpg?v=1753357492,g,
gildan-5000-heavy-cotton-t-shirt,,,,,,,,Navy,,SM,,2 Print Areas,GILDAN_5000_NAVY_SM_02,0,,,continue,manual,28.00,,TRUE,TRUE,,,,,,https://cdn.shopify.com/s/files/1/0693/6425/2915/files/navy_front_a13f69ff-cffc-4f59-b8bb-f63c010f6519.jpg?v=1753357492,g,
gildan-5000-heavy-cotton-t-shirt,,,,,,,,Navy,,SM,,3 Print Areas,GILDAN_5000_NAVY_SM_03,0,,,continue,manual,38.00,,TRUE,TRUE,,,,,,https://cdn.shopify.com/s/files/1/0693/6425/2915/files/navy_front_a13f69ff-cffc-4f59-b8bb-f63c010f6519.jpg?v=1753357492,g,
gildan-5000-heavy-cotton-t-shirt,,,,,,,,Navy,,SM,,4 Print Areas,GILDAN_5000_NAVY_SM_04,0,,,continue,manual,48.00,,TRUE,TRUE,,,,,,https://cdn.shopify.com/s/files/1/0693/6425/2915/files/navy_front_a13f69ff-cffc-4f59-b8bb-f63c010f6519.jpg?v=1753357492,g,
gildan-5000-heavy-cotton-t-shirt,,,,,,,,Navy,,MD,,1 Print Area,GILDAN_5000_NAVY_MD_01,0,,,continue,manual,18.00,,TRUE,TRUE,,,,,,https://cdn.shopify.com/s/files/1/0693/6425/2915/files/navy_front_a13f69ff-cffc-4f59-b8bb-f63c010f6519.jpg?v=1753357492,g,
gildan-5000-heavy-cotton-t-shirt,,,,,,,,Navy,,MD,,2 Print Areas,GILDAN_5000_NAVY_MD_02,0,,,continue,manual,28.00,,TRUE,TRUE,,,,,,https://cdn.shopify.com/s/files/1/0693/6425/2915/files/navy_front_a13f69ff-cffc-4f59-b8bb-f63c010f6519.jpg?v=1753357492,g,
gildan-5000-heavy-cotton-t-shirt,,,,,,,,Navy,,MD,,3 Print Areas,GILDAN_5000_NAVY_MD_03,0,,,continue,manual,38.00,,TRUE,TRUE,,,,,,https://cdn.shopify.com/s/files/1/0693/6425/2915/files/navy_front_a13f69ff-cffc-4f59-b8bb-f63c010f6519.jpg?v=1753357492,g,
gildan-5000-heavy-cotton-t-shirt,,,,,,,,Navy,,MD,,4 Print Areas,GILDAN_5000_NAVY_MD_04,0,,,continue,manual,48.00,,TRUE,TRUE,,,,,,https://cdn.shopify.com/s/files/1/0693/6425/2915/files/navy_front_a13f69ff-cffc-4f59-b8bb-f63c010f6519.jpg?v=1753357492,g,
gildan-5000-heavy-cotton-t-shirt,,,,,,,,Navy,,LG,,1 Print Area,GILDAN_5000_NAVY_LG_01,0,,,continue,manual,18.00,,TRUE,TRUE,,,,,,https://cdn.shopify.com/s/files/1/0693/6425/2915/files/navy_front_a13f69ff-cffc-4f59-b8bb-f63c010f6519.jpg?v=1753357492,g,
gildan-5000-heavy-cotton-t-shirt,,,,,,,,Navy,,LG,,2 Print Areas,GILDAN_5000_NAVY_LG_02,0,,,continue,manual,28.00,,TRUE,TRUE,,,,,,https://cdn.shopify.com/s/files/1/0693/6425/2915/files/navy_front_a13f69ff-cffc-4f59-b8bb-f63c010f6519.jpg?v=1753357492,g,
gildan-5000-heavy-cotton-t-shirt,,,,,,,,Navy,,LG,,3 Print Areas,GILDAN_5000_NAVY_LG_03,0,,,continue,manual,38.00,,TRUE,TRUE,,,,,,https://cdn.shopify.com/s/files/1/0693/6425/2915/files/navy_front_a13f69ff-cffc-4f59-b8bb-f63c010f6519.jpg?v=1753357492,g,
gildan-5000-heavy-cotton-t-shirt,,,,,,,,Navy,,LG,,4 Print Areas,GILDAN_5000_NAVY_LG_04,0,,,continue,manual,48.00,,TRUE,TRUE,,,,,,https://cdn.shopify.com/s/files/1/0693/6425/2915/files/navy_front_a13f69ff-cffc-4f59-b8bb-f63c010f6519.jpg?v=1753357492,g,
gildan-5000-heavy-cotton-t-shirt,,,,,,,,Navy,,XL,,1 Print Area,GILDAN_5000_NAVY_XL_01,0,,,continue,manual,18.00,,TRUE,TRUE,,,,,,https://cdn.shopify.com/s/files/1/0693/6425/2915/files/navy_front_a13f69ff-cffc-4f59-b8bb-f63c010f6519.jpg?v=1753357492,g,
gildan-5000-heavy-cotton-t-shirt,,,,,,,,Navy,,XL,,2 Print Areas,GILDAN_5000_NAVY_XL_02,0,,,continue,manual,28.00,,TRUE,TRUE,,,,,,https://cdn.shopify.com/s/files/1/0693/6425/2915/files/navy_front_a13f69ff-cffc-4f59-b8bb-f63c010f6519.jpg?v=1753357492,g,
gildan-5000-heavy-cotton-t-shirt,,,,,,,,Navy,,XL,,3 Print Areas,GILDAN_5000_NAVY_XL_03,0,,,continue,manual,38.00,,TRUE,TRUE,,,,,,https://cdn.shopify.com/s/files/1/0693/6425/2915/files/navy_front_a13f69ff-cffc-4f59-b8bb-f63c010f6519.jpg?v=1753357492,g,
gildan-5000-heavy-cotton-t-shirt,,,,,,,,Navy,,XL,,4 Print Areas,GILDAN_5000_NAVY_XL_04,0,,,continue,manual,48.00,,TRUE,TRUE,,,,,,https://cdn.shopify.com/s/files/1/0693/6425/2915/files/navy_front_a13f69ff-cffc-4f59-b8bb-f63c010f6519.jpg?v=1753357492,g,
gildan-5000-heavy-cotton-t-shirt,,,,,,,,Navy,,2XL,,1 Print Area,GILDAN_5000_NAVY_2XL_01,0,,,continue,manual,22.00,,TRUE,TRUE,,,,,,https://cdn.shopify.com/s/files/1/0693/6425/2915/files/navy_front_a13f69ff-cffc-4f59-b8bb-f63c010f6519.jpg?v=1753357492,g,
gildan-5000-heavy-cotton-t-shirt,,,,,,,,Navy,,2XL,,2 Print Areas,GILDAN_5000_NAVY_2XL_02,0,,,continue,manual,32.00,,TRUE,TRUE,,,,,,https://cdn.shopify.com/s/files/1/0693/6425/2915/files/navy_front_a13f69ff-cffc-4f59-b8bb-f63c010f6519.jpg?v=1753357492,g,
gildan-5000-heavy-cotton-t-shirt,,,,,,,,Navy,,2XL,,3 Print Areas,GILDAN_5000_NAVY_2XL_03,0,,,continue,manual,42.00,,TRUE,TRUE,,,,,,https://cdn.shopify.com/s/files/1/0693/6425/2915/files/navy_front_a13f69ff-cffc-4f59-b8bb-f63c010f6519.jpg?v=1753357492,g,
gildan-5000-heavy-cotton-t-shirt,,,,,,,,Navy,,2XL,,4 Print Areas,GILDAN_5000_NAVY_2XL_04,0,,,continue,manual,52.00,,TRUE,TRUE,,,,,,https://cdn.shopify.com/s/files/1/0693/6425/2915/files/navy_front_a13f69ff-cffc-4f59-b8bb-f63c010f6519.jpg?v=1753357492,g,
gildan-5000-heavy-cotton-t-shirt,,,,,,,,Navy,,3XL,,1 Print Area,GILDAN_5000_NAVY_3XL_01,0,,,continue,manual,24.00,,TRUE,TRUE,,,,,,https://cdn.shopify.com/s/files/1/0693/6425/2915/files/navy_front_a13f69ff-cffc-4f59-b8bb-f63c010f6519.jpg?v=1753357492,g,
gildan-5000-heavy-cotton-t-shirt,,,,,,,,Navy,,3XL,,2 Print Areas,GILDAN_5000_NAVY_3XL_02,0,,,continue,manual,34.00,,TRUE,TRUE,,,,,,https://cdn.shopify.com/s/files/1/0693/6425/2915/files/navy_front_a13f69ff-cffc-4f59-b8bb-f63c010f6519.jpg?v=1753357492,g,
gildan-5000-heavy-cotton-t-shirt,,,,,,,,Navy,,3XL,,3 Print Areas,GILDAN_5000_NAVY_3XL_03,0,,,continue,manual,44.00,,TRUE,TRUE,,,,,,https://cdn.shopify.com/s/files/1/0693/6425/2915/files/navy_front_a13f69ff-cffc-4f59-b8bb-f63c010f6519.jpg?v=1753357492,g,
gildan-5000-heavy-cotton-t-shirt,,,,,,,,Navy,,3XL,,4 Print Areas,GILDAN_5000_NAVY_3XL_04,0,,,continue,manual,54.00,,TRUE,TRUE,,,,,,https://cdn.shopify.com/s/files/1/0693/6425/2915/files/navy_front_a13f69ff-cffc-4f59-b8bb-f63c010f6519.jpg?v=1753357492,g,
gildan-5000-heavy-cotton-t-shirt,,,,,,,,Navy,,4XL,,1 Print Area,GILDAN_5000_NAVY_4XL_01,0,,,continue,manual,24.00,,TRUE,TRUE,,,,,,https://cdn.shopify.com/s/files/1/0693/6425/2915/files/navy_front_a13f69ff-cffc-4f59-b8bb-f63c010f6519.jpg?v=1753357492,g,
gildan-5000-heavy-cotton-t-shirt,,,,,,,,Navy,,4XL,,2 Print Areas,GILDAN_5000_NAVY_4XL_02,0,,,continue,manual,34.00,,TRUE,TRUE,,,,,,https://cdn.shopify.com/s/files/1/0693/6425/2915/files/navy_front_a13f69ff-cffc-4f59-b8bb-f63c010f6519.jpg?v=1753357492,g,
gildan-5000-heavy-cotton-t-shirt,,,,,,,,Navy,,4XL,,3 Print Areas,GILDAN_5000_NAVY_4XL_03,0,,,continue,manual,44.00,,TRUE,TRUE,,,,,,https://cdn.shopify.com/s/files/1/0693/6425/2915/files/navy_front_a13f69ff-cffc-4f59-b8bb-f63c010f6519.jpg?v=1753357492,g,
gildan-5000-heavy-cotton-t-shirt,,,,,,,,Navy,,4XL,,4 Print Areas,GILDAN_5000_NAVY_4XL_04,0,,,continue,manual,54.00,,TRUE,TRUE,,,,,,https://cdn.shopify.com/s/files/1/0693/6425/2915/files/navy_front_a13f69ff-cffc-4f59-b8bb-f63c010f6519.jpg?v=1753357492,g,
gildan-5000-heavy-cotton-t-shirt,,,,,,,,Navy,,5XL,,1 Print Area,GILDAN_5000_NAVY_5XL_01,0,,,continue,manual,24.00,,TRUE,TRUE,,,,,,https://cdn.shopify.com/s/files/1/0693/6425/2915/files/navy_front_a13f69ff-cffc-4f59-b8bb-f63c010f6519.jpg?v=1753357492,g,
gildan-5000-heavy-cotton-t-shirt,,,,,,,,Navy,,5XL,,2 Print Areas,GILDAN_5000_NAVY_5XL_02,0,,,continue,manual,34.00,,TRUE,TRUE,,,,,,https://cdn.shopify.com/s/files/1/0693/6425/2915/files/navy_front_a13f69ff-cffc-4f59-b8bb-f63c010f6519.jpg?v=1753357492,g,
gildan-5000-heavy-cotton-t-shirt,,,,,,,,Navy,,5XL,,3 Print Areas,GILDAN_5000_NAVY_5XL_03,0,,,continue,manual,44.00,,TRUE,TRUE,,,,,,https://cdn.shopify.com/s/files/1/0693/6425/2915/files/navy_front_a13f69ff-cffc-4f59-b8bb-f63c010f6519.jpg?v=1753357492,g,
gildan-5000-heavy-cotton-t-shirt,,,,,,,,Navy,,5XL,,4 Print Areas,GILDAN_5000_NAVY_5XL_04,0,,,continue,manual,54.00,,TRUE,TRUE,,,,,,https://cdn.shopify.com/s/files/1/0693/6425/2915/files/navy_front_a13f69ff-cffc-4f59-b8bb-f63c010f6519.jpg?v=1753357492,g,
gildan-5000-heavy-cotton-t-shirt,,,,,,,,Natural,,SM,,1 Print Area,GILDAN_5000_NATURAL_SM_01,0,,,continue,manual,18.00,,TRUE,TRUE,,,,,,https://cdn.shopify.com/s/files/1/0693/6425/2915/files/natural_front.jpg?v=1753357492,g,
gildan-5000-heavy-cotton-t-shirt,,,,,,,,Natural,,SM,,2 Print Areas,GILDAN_5000_NATURAL_SM_02,0,,,continue,manual,28.00,,TRUE,TRUE,,,,,,https://cdn.shopify.com/s/files/1/0693/6425/2915/files/natural_front.jpg?v=1753357492,g,
gildan-5000-heavy-cotton-t-shirt,,,,,,,,Natural,,SM,,3 Print Areas,GILDAN_5000_NATURAL_SM_03,0,,,continue,manual,38.00,,TRUE,TRUE,,,,,,https://cdn.shopify.com/s/files/1/0693/6425/2915/files/natural_front.jpg?v=1753357492,g,
gildan-5000-heavy-cotton-t-shirt,,,,,,,,Natural,,SM,,4 Print Areas,GILDAN_5000_NATURAL_SM_04,0,,,continue,manual,48.00,,TRUE,TRUE,,,,,,https://cdn.shopify.com/s/files/1/0693/6425/2915/files/natural_front.jpg?v=1753357492,g,
gildan-5000-heavy-cotton-t-shirt,,,,,,,,Natural,,MD,,1 Print Area,GILDAN_5000_NATURAL_MD_01,0,,,continue,manual,18.00,,TRUE,TRUE,,,,,,https://cdn.shopify.com/s/files/1/0693/6425/2915/files/natural_front.jpg?v=1753357492,g,
gildan-5000-heavy-cotton-t-shirt,,,,,,,,Natural,,MD,,2 Print Areas,GILDAN_5000_NATURAL_MD_02,0,,,continue,manual,28.00,,TRUE,TRUE,,,,,,https://cdn.shopify.com/s/files/1/0693/6425/2915/files/natural_front.jpg?v=1753357492,g,
gildan-5000-heavy-cotton-t-shirt,,,,,,,,Natural,,MD,,3 Print Areas,GILDAN_5000_NATURAL_MD_03,0,,,continue,manual,38.00,,TRUE,TRUE,,,,,,https://cdn.shopify.com/s/files/1/0693/6425/2915/files/natural_front.jpg?v=1753357492,g,
gildan-5000-heavy-cotton-t-shirt,,,,,,,,Natural,,MD,,4 Print Areas,GILDAN_5000_NATURAL_MD_04,0,,,continue,manual,48.00,,TRUE,TRUE,,,,,,https://cdn.shopify.com/s/files/1/0693/6425/2915/files/natural_front.jpg?v=1753357492,g,
gildan-5000-heavy-cotton-t-shirt,,,,,,,,Natural,,LG,,1 Print Area,GILDAN_5000_NATURAL_LG_01,0,,,continue,manual,18.00,,TRUE,TRUE,,,,,,https://cdn.shopify.com/s/files/1/0693/6425/2915/files/natural_front.jpg?v=1753357492,g,
gildan-5000-heavy-cotton-t-shirt,,,,,,,,Natural,,LG,,2 Print Areas,GILDAN_5000_NATURAL_LG_02,0,,,continue,manual,28.00,,TRUE,TRUE,,,,,,https://cdn.shopify.com/s/files/1/0693/6425/2915/files/natural_front.jpg?v=1753357492,g,
gildan-5000-heavy-cotton-t-shirt,,,,,,,,Natural,,LG,,3 Print Areas,GILDAN_5000_NATURAL_LG_03,0,,,continue,manual,38.00,,TRUE,TRUE,,,,,,https://cdn.shopify.com/s/files/1/0693/6425/2915/files/natural_front.jpg?v=1753357492,g,
gildan-5000-heavy-cotton-t-shirt,,,,,,,,Natural,,LG,,4 Print Areas,GILDAN_5000_NATURAL_LG_04,0,,,continue,manual,48.00,,TRUE,TRUE,,,,,,https://cdn.shopify.com/s/files/1/0693/6425/2915/files/natural_front.jpg?v=1753357492,g,
gildan-5000-heavy-cotton-t-shirt,,,,,,,,Natural,,XL,,1 Print Area,GILDAN_5000_NATURAL_XL_01,0,,,continue,manual,18.00,,TRUE,TRUE,,,,,,https://cdn.shopify.com/s/files/1/0693/6425/2915/files/natural_front.jpg?v=1753357492,g,
gildan-5000-heavy-cotton-t-shirt,,,,,,,,Natural,,XL,,2 Print Areas,GILDAN_5000_NATURAL_XL_02,0,,,continue,manual,28.00,,TRUE,TRUE,,,,,,https://cdn.shopify.com/s/files/1/0693/6425/2915/files/natural_front.jpg?v=1753357492,g,
gildan-5000-heavy-cotton-t-shirt,,,,,,,,Natural,,XL,,3 Print Areas,GILDAN_5000_NATURAL_XL_03,0,,,continue,manual,38.00,,TRUE,TRUE,,,,,,https://cdn.shopify.com/s/files/1/0693/6425/2915/files/natural_front.jpg?v=1753357492,g,
gildan-5000-heavy-cotton-t-shirt,,,,,,,,Natural,,XL,,4 Print Areas,GILDAN_5000_NATURAL_XL_04,0,,,continue,manual,48.00,,TRUE,TRUE,,,,,,https://cdn.shopify.com/s/files/1/0693/6425/2915/files/natural_front.jpg?v=1753357492,g,
gildan-5000-heavy-cotton-t-shirt,,,,,,,,Natural,,2XL,,1 Print Area,GILDAN_5000_NATURAL_2XL_01,0,,,continue,manual,22.00,,TRUE,TRUE,,,,,,https://cdn.shopify.com/s/files/1/0693/6425/2915/files/natural_front.jpg?v=1753357492,g,
gildan-5000-heavy-cotton-t-shirt,,,,,,,,Natural,,2XL,,2 Print Areas,GILDAN_5000_NATURAL_2XL_02,0,,,continue,manual,32.00,,TRUE,TRUE,,,,,,https://cdn.shopify.com/s/files/1/0693/6425/2915/files/natural_front.jpg?v=1753357492,g,
gildan-5000-heavy-cotton-t-shirt,,,,,,,,Natural,,2XL,,3 Print Areas,GILDAN_5000_NATURAL_2XL_03,0,,,continue,manual,42.00,,TRUE,TRUE,,,,,,https://cdn.shopify.com/s/files/1/0693/6425/2915/files/natural_front.jpg?v=1753357492,g,
gildan-5000-heavy-cotton-t-shirt,,,,,,,,Natural,,2XL,,4 Print Areas,GILDAN_5000_NATURAL_2XL_04,0,,,continue,manual,52.00,,TRUE,TRUE,,,,,,https://cdn.shopify.com/s/files/1/0693/6425/2915/files/natural_front.jpg?v=1753357492,g,
gildan-5000-heavy-cotton-t-shirt,,,,,,,,Natural,,3XL,,1 Print Area,GILDAN_5000_NATURAL_3XL_01,0,,,continue,manual,24.00,,TRUE,TRUE,,,,,,https://cdn.shopify.com/s/files/1/0693/6425/2915/files/natural_front.jpg?v=1753357492,g,
gildan-5000-heavy-cotton-t-shirt,,,,,,,,Natural,,3XL,,2 Print Areas,GILDAN_5000_NATURAL_3XL_02,0,,,continue,manual,34.00,,TRUE,TRUE,,,,,,https://cdn.shopify.com/s/files/1/0693/6425/2915/files/natural_front.jpg?v=1753357492,g,
gildan-5000-heavy-cotton-t-shirt,,,,,,,,Natural,,3XL,,3 Print Areas,GILDAN_5000_NATURAL_3XL_03,0,,,continue,manual,44.00,,TRUE,TRUE,,,,,,https://cdn.shopify.com/s/files/1/0693/6425/2915/files/natural_front.jpg?v=1753357492,g,
gildan-5000-heavy-cotton-t-shirt,,,,,,,,Natural,,3XL,,4 Print Areas,GILDAN_5000_NATURAL_3XL_04,0,,,continue,manual,54.00,,TRUE,TRUE,,,,,,https://cdn.shopify.com/s/files/1/0693/6425/2915/files/natural_front.jpg?v=1753357492,g,
gildan-5000-heavy-cotton-t-shirt,,,,,,,,Natural,,4XL,,1 Print Area,GILDAN_5000_NATURAL_4XL_01,0,,,continue,manual,24.00,,TRUE,TRUE,,,,,,https://cdn.shopify.com/s/files/1/0693/6425/2915/files/natural_front.jpg?v=1753357492,g,
gildan-5000-heavy-cotton-t-shirt,,,,,,,,Natural,,4XL,,2 Print Areas,GILDAN_5000_NATURAL_4XL_02,0,,,continue,manual,34.00,,TRUE,TRUE,,,,,,https://cdn.shopify.com/s/files/1/0693/6425/2915/files/natural_front.jpg?v=1753357492,g,
gildan-5000-heavy-cotton-t-shirt,,,,,,,,Natural,,4XL,,3 Print Areas,GILDAN_5000_NATURAL_4XL_03,0,,,continue,manual,44.00,,TRUE,TRUE,,,,,,https://cdn.shopify.com/s/files/1/0693/6425/2915/files/natural_front.jpg?v=1753357492,g,
gildan-5000-heavy-cotton-t-shirt,,,,,,,,Natural,,4XL,,4 Print Areas,GILDAN_5000_NATURAL_4XL_04,0,,,continue,manual,54.00,,TRUE,TRUE,,,,,,https://cdn.shopify.com/s/files/1/0693/6425/2915/files/natural_front.jpg?v=1753357492,g,
gildan-5000-heavy-cotton-t-shirt,,,,,,,,Natural,,5XL,,1 Print Area,GILDAN_5000_NATURAL_5XL_01,0,,,continue,manual,24.00,,TRUE,TRUE,,,,,,https://cdn.shopify.com/s/files/1/0693/6425/2915/files/natural_front.jpg?v=1753357492,g,
gildan-5000-heavy-cotton-t-shirt,,,,,,,,Natural,,5XL,,2 Print Areas,GILDAN_5000_NATURAL_5XL_02,0,,,continue,manual,34.00,,TRUE,TRUE,,,,,,https://cdn.shopify.com/s/files/1/0693/6425/2915/files/natural_front.jpg?v=1753357492,g,
gildan-5000-heavy-cotton-t-shirt,,,,,,,,Natural,,5XL,,3 Print Areas,GILDAN_5000_NATURAL_5XL_03,0,,,continue,manual,44.00,,TRUE,TRUE,,,,,,https://cdn.shopify.com/s/files/1/0693/6425/2915/files/natural_front.jpg?v=1753357492,g,
gildan-5000-heavy-cotton-t-shirt,,,,,,,,Natural,,5XL,,4 Print Areas,GILDAN_5000_NATURAL_5XL_04,0,,,continue,manual,54.00,,TRUE,TRUE,,,,,,https://cdn.shopify.com/s/files/1/0693/6425/2915/files/natural_front.jpg?v=1753357492,g,
gildan-5000-heavy-cotton-t-shirt,,,,,,,,Dark Heather,,SM,,1 Print Area,GILDAN_5000_DARK_HEATHER_SM_01,0,,,continue,manual,18.00,,TRUE,TRUE,,,,,,https://cdn.shopify.com/s/files/1/0693/6425/2915/files/dark_heather.jpg?v=1753357492,g,
gildan-5000-heavy-cotton-t-shirt,,,,,,,,Dark Heather,,SM,,2 Print Areas,GILDAN_5000_DARK_HEATHER_SM_02,0,,,continue,manual,28.00,,TRUE,TRUE,,,,,,https://cdn.shopify.com/s/files/1/0693/6425/2915/files/dark_heather.jpg?v=1753357492,g,
gildan-5000-heavy-cotton-t-shirt,,,,,,,,Dark Heather,,SM,,3 Print Areas,GILDAN_5000_DARK_HEATHER_SM_03,0,,,continue,manual,38.00,,TRUE,TRUE,,,,,,https://cdn.shopify.com/s/files/1/0693/6425/2915/files/dark_heather.jpg?v=1753357492,g,
gildan-5000-heavy-cotton-t-shirt,,,,,,,,Dark Heather,,SM,,4 Print Areas,GILDAN_5000_DARK_HEATHER_SM_04,0,,,continue,manual,48.00,,TRUE,TRUE,,,,,,https://cdn.shopify.com/s/files/1/0693/6425/2915/files/dark_heather.jpg?v=1753357492,g,
gildan-5000-heavy-cotton-t-shirt,,,,,,,,Dark Heather,,MD,,1 Print Area,GILDAN_5000_DARK_HEATHER_MD_01,0,,,continue,manual,18.00,,TRUE,TRUE,,,,,,https://cdn.shopify.com/s/files/1/0693/6425/2915/files/dark_heather.jpg?v=1753357492,g,
gildan-5000-heavy-cotton-t-shirt,,,,,,,,Dark Heather,,MD,,2 Print Areas,GILDAN_5000_DARK_HEATHER_MD_02,0,,,continue,manual,28.00,,TRUE,TRUE,,,,,,https://cdn.shopify.com/s/files/1/0693/6425/2915/files/dark_heather.jpg?v=1753357492,g,
gildan-5000-heavy-cotton-t-shirt,,,,,,,,Dark Heather,,MD,,3 Print Areas,GILDAN_5000_DARK_HEATHER_MD_03,0,,,continue,manual,38.00,,TRUE,TRUE,,,,,,https://cdn.shopify.com/s/files/1/0693/6425/2915/files/dark_heather.jpg?v=1753357492,g,
gildan-5000-heavy-cotton-t-shirt,,,,,,,,Dark Heather,,MD,,4 Print Areas,GILDAN_5000_DARK_HEATHER_MD_04,0,,,continue,manual,48.00,,TRUE,TRUE,,,,,,https://cdn.shopify.com/s/files/1/0693/6425/2915/files/dark_heather.jpg?v=1753357492,g,
gildan-5000-heavy-cotton-t-shirt,,,,,,,,Dark Heather,,LG,,1 Print Area,GILDAN_5000_DARK_HEATHER_LG_01,0,,,continue,manual,18.00,,TRUE,TRUE,,,,,,https://cdn.shopify.com/s/files/1/0693/6425/2915/files/dark_heather.jpg?v=1753357492,g,
gildan-5000-heavy-cotton-t-shirt,,,,,,,,Dark Heather,,LG,,2 Print Areas,GILDAN_5000_DARK_HEATHER_LG_02,0,,,continue,manual,28.00,,TRUE,TRUE,,,,,,https://cdn.shopify.com/s/files/1/0693/6425/2915/files/dark_heather.jpg?v=1753357492,g,
gildan-5000-heavy-cotton-t-shirt,,,,,,,,Dark Heather,,LG,,3 Print Areas,GILDAN_5000_DARK_HEATHER_LG_03,0,,,continue,manual,38.00,,TRUE,TRUE,,,,,,https://cdn.shopify.com/s/files/1/0693/6425/2915/files/dark_heather.jpg?v=1753357492,g,
gildan-5000-heavy-cotton-t-shirt,,,,,,,,Dark Heather,,LG,,4 Print Areas,GILDAN_5000_DARK_HEATHER_LG_04,0,,,continue,manual,48.00,,TRUE,TRUE,,,,,,https://cdn.shopify.com/s/files/1/0693/6425/2915/files/dark_heather.jpg?v=1753357492,g,
gildan-5000-heavy-cotton-t-shirt,,,,,,,,Dark Heather,,XL,,1 Print Area,GILDAN_5000_DARK_HEATHER_XL_01,0,,,continue,manual,18.00,,TRUE,TRUE,,,,,,https://cdn.shopify.com/s/files/1/0693/6425/2915/files/dark_heather.jpg?v=1753357492,g,
gildan-5000-heavy-cotton-t-shirt,,,,,,,,Dark Heather,,XL,,2 Print Areas,GILDAN_5000_DARK_HEATHER_XL_02,0,,,continue,manual,28.00,,TRUE,TRUE,,,,,,https://cdn.shopify.com/s/files/1/0693/6425/2915/files/dark_heather.jpg?v=1753357492,g,
gildan-5000-heavy-cotton-t-shirt,,,,,,,,Dark Heather,,XL,,3 Print Areas,GILDAN_5000_DARK_HEATHER_XL_03,0,,,continue,manual,38.00,,TRUE,TRUE,,,,,,https://cdn.shopify.com/s/files/1/0693/6425/2915/files/dark_heather.jpg?v=1753357492,g,
gildan-5000-heavy-cotton-t-shirt,,,,,,,,Dark Heather,,XL,,4 Print Areas,GILDAN_5000_DARK_HEATHER_XL_04,0,,,continue,manual,48.00,,TRUE,TRUE,,,,,,https://cdn.shopify.com/s/files/1/0693/6425/2915/files/dark_heather.jpg?v=1753357492,g,
gildan-5000-heavy-cotton-t-shirt,,,,,,,,Dark Heather,,2XL,,1 Print Area,GILDAN_5000_DARK_HEATHER_2XL_01,0,,,continue,manual,22.00,,TRUE,TRUE,,,,,,https://cdn.shopify.com/s/files/1/0693/6425/2915/files/dark_heather.jpg?v=1753357492,g,
gildan-5000-heavy-cotton-t-shirt,,,,,,,,Dark Heather,,2XL,,2 Print Areas,GILDAN_5000_DARK_HEATHER_2XL_02,0,,,continue,manual,32.00,,TRUE,TRUE,,,,,,https://cdn.shopify.com/s/files/1/0693/6425/2915/files/dark_heather.jpg?v=1753357492,g,
gildan-5000-heavy-cotton-t-shirt,,,,,,,,Dark Heather,,2XL,,3 Print Areas,GILDAN_5000_DARK_HEATHER_2XL_03,0,,,continue,manual,42.00,,TRUE,TRUE,,,,,,https://cdn.shopify.com/s/files/1/0693/6425/2915/files/dark_heather.jpg?v=1753357492,g,
gildan-5000-heavy-cotton-t-shirt,,,,,,,,Dark Heather,,2XL,,4 Print Areas,GILDAN_5000_DARK_HEATHER_2XL_04,0,,,continue,manual,52.00,,TRUE,TRUE,,,,,,https://cdn.shopify.com/s/files/1/0693/6425/2915/files/dark_heather.jpg?v=1753357492,g,
gildan-5000-heavy-cotton-t-shirt,,,,,,,,Dark Heather,,3XL,,1 Print Area,GILDAN_5000_DARK_HEATHER_3XL_01,0,,,continue,manual,24.00,,TRUE,TRUE,,,,,,https://cdn.shopify.com/s/files/1/0693/6425/2915/files/dark_heather.jpg?v=1753357492,g,
gildan-5000-heavy-cotton-t-shirt,,,,,,,,Dark Heather,,3XL,,2 Print Areas,GILDAN_5000_DARK_HEATHER_3XL_02,0,,,continue,manual,34.00,,TRUE,TRUE,,,,,,https://cdn.shopify.com/s/files/1/0693/6425/2915/files/dark_heather.jpg?v=1753357492,g,
gildan-5000-heavy-cotton-t-shirt,,,,,,,,Dark Heather,,3XL,,3 Print Areas,GILDAN_5000_DARK_HEATHER_3XL_03,0,,,continue,manual,44.00,,TRUE,TRUE,,,,,,https://cdn.shopify.com/s/files/1/0693/6425/2915/files/dark_heather.jpg?v=1753357492,g,
gildan-5000-heavy-cotton-t-shirt,,,,,,,,Dark Heather,,3XL,,4 Print Areas,GILDAN_5000_DARK_HEATHER_3XL_04,0,,,continue,manual,54.00,,TRUE,TRUE,,,,,,https://cdn.shopify.com/s/files/1/0693/6425/2915/files/dark_heather.jpg?v=1753357492,g,
gildan-5000-heavy-cotton-t-shirt,,,,,,,,Dark Heather,,4XL,,1 Print Area,GILDAN_5000_DARK_HEATHER_4XL_01,0,,,continue,manual,24.00,,TRUE,TRUE,,,,,,https://cdn.shopify.com/s/files/1/0693/6425/2915/files/dark_heather.jpg?v=1753357492,g,
gildan-5000-heavy-cotton-t-shirt,,,,,,,,Dark Heather,,4XL,,2 Print Areas,GILDAN_5000_DARK_HEATHER_4XL_02,0,,,continue,manual,34.00,,TRUE,TRUE,,,,,,https://cdn.shopify.com/s/files/1/0693/6425/2915/files/dark_heather.jpg?v=1753357492,g,
gildan-5000-heavy-cotton-t-shirt,,,,,,,,Dark Heather,,4XL,,3 Print Areas,GILDAN_5000_DARK_HEATHER_4XL_03,0,,,continue,manual,44.00,,TRUE,TRUE,,,,,,,g,
gildan-5000-heavy-cotton-t-shirt,,,,,,,,Dark Heather,,4XL,,4 Print Areas,GILDAN_5000_DARK_HEATHER_4XL_04,0,,,continue,manual,54.00,,TRUE,TRUE,,,,,,,g,
gildan-5000-heavy-cotton-t-shirt,,,,,,,,Dark Heather,,5XL,,1 Print Area,GILDAN_5000_DARK_HEATHER_5XL_01,0,,,continue,manual,24.00,,TRUE,TRUE,,,,,,,g,
gildan-5000-heavy-cotton-t-shirt,,,,,,,,Dark Heather,,5XL,,2 Print Areas,GILDAN_5000_DARK_HEATHER_5XL_02,0,,,continue,manual,34.00,,TRUE,TRUE,,,,,,,g,
gildan-5000-heavy-cotton-t-shirt,,,,,,,,Dark Heather,,5XL,,3 Print Areas,GILDAN_5000_DARK_HEATHER_5XL_03,0,,,continue,manual,44.00,,TRUE,TRUE,,,,,,,g,
gildan-5000-heavy-cotton-t-shirt,,,,,,,,Dark Heather,,5XL,,4 Print Areas,GILDAN_5000_DARK_HEATHER_5XL_04,0,,,continue,manual,54.00,,TRUE,TRUE,,,,,,,g,
gildan-5000-heavy-cotton-t-shirt,,,,,,,,Red,,SM,,1 Print Area,GILDAN_5000_RED_SM_01,0,,,continue,manual,18.00,,TRUE,TRUE,,,,,,,g,
gildan-5000-heavy-cotton-t-shirt,,,,,,,,Red,,SM,,2 Print Areas,GILDAN_5000_RED_SM_02,0,,,continue,manual,28.00,,TRUE,TRUE,,,,,,,g,
gildan-5000-heavy-cotton-t-shirt,,,,,,,,Red,,SM,,3 Print Areas,GILDAN_5000_RED_SM_03,0,,,continue,manual,38.00,,TRUE,TRUE,,,,,,,g,
gildan-5000-heavy-cotton-t-shirt,,,,,,,,Red,,SM,,4 Print Areas,GILDAN_5000_RED_SM_04,0,,,continue,manual,48.00,,TRUE,TRUE,,,,,,,g,
gildan-5000-heavy-cotton-t-shirt,,,,,,,,Red,,MD,,1 Print Area,GILDAN_5000_RED_MD_01,0,,,continue,manual,18.00,,TRUE,TRUE,,,,,,,g,
gildan-5000-heavy-cotton-t-shirt,,,,,,,,Red,,MD,,2 Print Areas,GILDAN_5000_RED_MD_02,0,,,continue,manual,28.00,,TRUE,TRUE,,,,,,,g,
gildan-5000-heavy-cotton-t-shirt,,,,,,,,Red,,MD,,3 Print Areas,GILDAN_5000_RED_MD_03,0,,,continue,manual,38.00,,TRUE,TRUE,,,,,,,g,
gildan-5000-heavy-cotton-t-shirt,,,,,,,,Red,,MD,,4 Print Areas,GILDAN_5000_RED_MD_04,0,,,continue,manual,48.00,,TRUE,TRUE,,,,,,,g,
gildan-5000-heavy-cotton-t-shirt,,,,,,,,Red,,LG,,1 Print Area,GILDAN_5000_RED_LG_01,0,,,continue,manual,18.00,,TRUE,TRUE,,,,,,,g,
gildan-5000-heavy-cotton-t-shirt,,,,,,,,Red,,LG,,2 Print Areas,GILDAN_5000_RED_LG_02,0,,,continue,manual,28.00,,TRUE,TRUE,,,,,,,g,
gildan-5000-heavy-cotton-t-shirt,,,,,,,,Red,,LG,,3 Print Areas,GILDAN_5000_RED_LG_03,0,,,continue,manual,38.00,,TRUE,TRUE,,,,,,,g,
gildan-5000-heavy-cotton-t-shirt,,,,,,,,Red,,LG,,4 Print Areas,GILDAN_5000_RED_LG_04,0,,,continue,manual,48.00,,TRUE,TRUE,,,,,,,g,
gildan-5000-heavy-cotton-t-shirt,,,,,,,,Red,,XL,,1 Print Area,GILDAN_5000_RED_XL_01,0,,,continue,manual,18.00,,TRUE,TRUE,,,,,,,g,
gildan-5000-heavy-cotton-t-shirt,,,,,,,,Red,,XL,,2 Print Areas,GILDAN_5000_RED_XL_02,0,,,continue,manual,28.00,,TRUE,TRUE,,,,,,,g,
gildan-5000-heavy-cotton-t-shirt,,,,,,,,Red,,XL,,3 Print Areas,GILDAN_5000_RED_XL_03,0,,,continue,manual,38.00,,TRUE,TRUE,,,,,,,g,
gildan-5000-heavy-cotton-t-shirt,,,,,,,,Red,,XL,,4 Print Areas,GILDAN_5000_RED_XL_04,0,,,continue,manual,48.00,,TRUE,TRUE,,,,,,,g,
gildan-5000-heavy-cotton-t-shirt,,,,,,,,Red,,2XL,,1 Print Area,GILDAN_5000_RED_2XL_01,0,,,continue,manual,22.00,,TRUE,TRUE,,,,,,,g,
gildan-5000-heavy-cotton-t-shirt,,,,,,,,Red,,2XL,,2 Print Areas,GILDAN_5000_RED_2XL_02,0,,,continue,manual,32.00,,TRUE,TRUE,,,,,,,g,
gildan-5000-heavy-cotton-t-shirt,,,,,,,,Red,,2XL,,3 Print Areas,GILDAN_5000_RED_2XL_03,0,,,continue,manual,42.00,,TRUE,TRUE,,,,,,,g,
gildan-5000-heavy-cotton-t-shirt,,,,,,,,Red,,2XL,,4 Print Areas,GILDAN_5000_RED_2XL_04,0,,,continue,manual,52.00,,TRUE,TRUE,,,,,,,g,
gildan-5000-heavy-cotton-t-shirt,,,,,,,,Red,,3XL,,1 Print Area,GILDAN_5000_RED_3XL_01,0,,,continue,manual,24.00,,TRUE,TRUE,,,,,,,g,
gildan-5000-heavy-cotton-t-shirt,,,,,,,,Red,,3XL,,2 Print Areas,GILDAN_5000_RED_3XL_02,0,,,continue,manual,34.00,,TRUE,TRUE,,,,,,,g,
gildan-5000-heavy-cotton-t-shirt,,,,,,,,Red,,3XL,,3 Print Areas,GILDAN_5000_RED_3XL_03,0,,,continue,manual,44.00,,TRUE,TRUE,,,,,,,g,
gildan-5000-heavy-cotton-t-shirt,,,,,,,,Red,,3XL,,4 Print Areas,GILDAN_5000_RED_3XL_04,0,,,continue,manual,54.00,,TRUE,TRUE,,,,,,,g,
gildan-5000-heavy-cotton-t-shirt,,,,,,,,Red,,4XL,,1 Print Area,GILDAN_5000_RED_4XL_01,0,,,continue,manual,24.00,,TRUE,TRUE,,,,,,,g,
gildan-5000-heavy-cotton-t-shirt,,,,,,,,Red,,4XL,,2 Print Areas,GILDAN_5000_RED_4XL_02,0,,,continue,manual,34.00,,TRUE,TRUE,,,,,,,g,
gildan-5000-heavy-cotton-t-shirt,,,,,,,,Red,,4XL,,3 Print Areas,GILDAN_5000_RED_4XL_03,0,,,continue,manual,44.00,,TRUE,TRUE,,,,,,,g,
gildan-5000-heavy-cotton-t-shirt,,,,,,,,Red,,4XL,,4 Print Areas,GILDAN_5000_RED_4XL_04,0,,,continue,manual,54.00,,TRUE,TRUE,,,,,,,g,
gildan-5000-heavy-cotton-t-shirt,,,,,,,,Red,,5XL,,1 Print Area,GILDAN_5000_RED_5XL_01,0,,,continue,manual,24.00,,TRUE,TRUE,,,,,,,g,
gildan-5000-heavy-cotton-t-shirt,,,,,,,,Red,,5XL,,2 Print Areas,GILDAN_5000_RED_5XL_02,0,,,continue,manual,34.00,,TRUE,TRUE,,,,,,,g,
gildan-5000-heavy-cotton-t-shirt,,,,,,,,Red,,5XL,,3 Print Areas,GILDAN_5000_RED_5XL_03,0,,,continue,manual,44.00,,TRUE,TRUE,,,,,,,g,
gildan-5000-heavy-cotton-t-shirt,,,,,,,,Red,,5XL,,4 Print Areas,GILDAN_5000_RED_5XL_04,0,,,continue,manual,54.00,,TRUE,TRUE,,,,,,,g,
gildan-5000-heavy-cotton-t-shirt,,,,,,,,Royal,,SM,,1 Print Area,GILDAN_5000_ROYAL_SM_01,0,,,continue,manual,18.00,,TRUE,TRUE,,,,,,,g,
gildan-5000-heavy-cotton-t-shirt,,,,,,,,Royal,,SM,,2 Print Areas,GILDAN_5000_ROYAL_SM_02,0,,,continue,manual,28.00,,TRUE,TRUE,,,,,,,g,
gildan-5000-heavy-cotton-t-shirt,,,,,,,,Royal,,SM,,3 Print Areas,GILDAN_5000_ROYAL_SM_03,0,,,continue,manual,38.00,,TRUE,TRUE,,,,,,,g,
gildan-5000-heavy-cotton-t-shirt,,,,,,,,Royal,,SM,,4 Print Areas,GILDAN_5000_ROYAL_SM_04,0,,,continue,manual,48.00,,TRUE,TRUE,,,,,,,g,
gildan-5000-heavy-cotton-t-shirt,,,,,,,,Royal,,MD,,1 Print Area,GILDAN_5000_ROYAL_MD_01,0,,,continue,manual,18.00,,TRUE,TRUE,,,,,,,g,
gildan-5000-heavy-cotton-t-shirt,,,,,,,,Royal,,MD,,2 Print Areas,GILDAN_5000_ROYAL_MD_02,0,,,continue,manual,28.00,,TRUE,TRUE,,,,,,,g,
gildan-5000-heavy-cotton-t-shirt,,,,,,,,Royal,,MD,,3 Print Areas,GILDAN_5000_ROYAL_MD_03,0,,,continue,manual,38.00,,TRUE,TRUE,,,,,,,g,
gildan-5000-heavy-cotton-t-shirt,,,,,,,,Royal,,MD,,4 Print Areas,GILDAN_5000_ROYAL_MD_04,0,,,continue,manual,48.00,,TRUE,TRUE,,,,,,,g,
gildan-5000-heavy-cotton-t-shirt,,,,,,,,Royal,,LG,,1 Print Area,GILDAN_5000_ROYAL_LG_01,0,,,continue,manual,18.00,,TRUE,TRUE,,,,,,,g,
gildan-5000-heavy-cotton-t-shirt,,,,,,,,Royal,,LG,,2 Print Areas,GILDAN_5000_ROYAL_LG_02,0,,,continue,manual,28.00,,TRUE,TRUE,,,,,,,g,
gildan-5000-heavy-cotton-t-shirt,,,,,,,,Royal,,LG,,3 Print Areas,GILDAN_5000_ROYAL_LG_03,0,,,continue,manual,38.00,,TRUE,TRUE,,,,,,,g,
gildan-5000-heavy-cotton-t-shirt,,,,,,,,Royal,,LG,,4 Print Areas,GILDAN_5000_ROYAL_LG_04,0,,,continue,manual,48.00,,TRUE,TRUE,,,,,,,g,
gildan-5000-heavy-cotton-t-shirt,,,,,,,,Royal,,XL,,1 Print Area,GILDAN_5000_ROYAL_XL_01,0,,,continue,manual,18.00,,TRUE,TRUE,,,,,,,g,
gildan-5000-heavy-cotton-t-shirt,,,,,,,,Royal,,XL,,2 Print Areas,GILDAN_5000_ROYAL_XL_02,0,,,continue,manual,28.00,,TRUE,TRUE,,,,,,,g,
gildan-5000-heavy-cotton-t-shirt,,,,,,,,Royal,,XL,,3 Print Areas,GILDAN_5000_ROYAL_XL_03,0,,,continue,manual,38.00,,TRUE,TRUE,,,,,,,g,
gildan-5000-heavy-cotton-t-shirt,,,,,,,,Royal,,XL,,4 Print Areas,GILDAN_5000_ROYAL_XL_04,0,,,continue,manual,48.00,,TRUE,TRUE,,,,,,,g,
gildan-5000-heavy-cotton-t-shirt,,,,,,,,Royal,,2XL,,1 Print Area,GILDAN_5000_ROYAL_2XL_01,0,,,continue,manual,22.00,,TRUE,TRUE,,,,,,,g,
gildan-5000-heavy-cotton-t-shirt,,,,,,,,Royal,,2XL,,2 Print Areas,GILDAN_5000_ROYAL_2XL_02,0,,,continue,manual,32.00,,TRUE,TRUE,,,,,,,g,
gildan-5000-heavy-cotton-t-shirt,,,,,,,,Royal,,2XL,,3 Print Areas,GILDAN_5000_ROYAL_2XL_03,0,,,continue,manual,42.00,,TRUE,TRUE,,,,,,,g,
gildan-5000-heavy-cotton-t-shirt,,,,,,,,Royal,,2XL,,4 Print Areas,GILDAN_5000_ROYAL_2XL_04,0,,,continue,manual,52.00,,TRUE,TRUE,,,,,,,g,
gildan-5000-heavy-cotton-t-shirt,,,,,,,,Royal,,3XL,,1 Print Area,GILDAN_5000_ROYAL_3XL_01,0,,,continue,manual,24.00,,TRUE,TRUE,,,,,,,g,
gildan-5000-heavy-cotton-t-shirt,,,,,,,,Royal,,3XL,,2 Print Areas,GILDAN_5000_ROYAL_3XL_02,0,,,continue,manual,34.00,,TRUE,TRUE,,,,,,,g,
gildan-5000-heavy-cotton-t-shirt,,,,,,,,Royal,,3XL,,3 Print Areas,GILDAN_5000_ROYAL_3XL_03,0,,,continue,manual,44.00,,TRUE,TRUE,,,,,,,g,
gildan-5000-heavy-cotton-t-shirt,,,,,,,,Royal,,3XL,,4 Print Areas,GILDAN_5000_ROYAL_3XL_04,0,,,continue,manual,54.00,,TRUE,TRUE,,,,,,,g,
gildan-5000-heavy-cotton-t-shirt,,,,,,,,Royal,,4XL,,1 Print Area,GILDAN_5000_ROYAL_4XL_01,0,,,continue,manual,24.00,,TRUE,TRUE,,,,,,,g,
gildan-5000-heavy-cotton-t-shirt,,,,,,,,Royal,,4XL,,2 Print Areas,GILDAN_5000_ROYAL_4XL_02,0,,,continue,manual,34.00,,TRUE,TRUE,,,,,,,g,
gildan-5000-heavy-cotton-t-shirt,,,,,,,,Royal,,4XL,,3 Print Areas,GILDAN_5000_ROYAL_4XL_03,0,,,continue,manual,44.00,,TRUE,TRUE,,,,,,,g,
gildan-5000-heavy-cotton-t-shirt,,,,,,,,Royal,,4XL,,4 Print Areas,GILDAN_5000_ROYAL_4XL_04,0,,,continue,manual,54.00,,TRUE,TRUE,,,,,,,g,
gildan-5000-heavy-cotton-t-shirt,,,,,,,,Royal,,5XL,,1 Print Area,GILDAN_5000_ROYAL_5XL_01,0,,,continue,manual,24.00,,TRUE,TRUE,,,,,,,g,
gildan-5000-heavy-cotton-t-shirt,,,,,,,,Royal,,5XL,,2 Print Areas,GILDAN_5000_ROYAL_5XL_02,0,,,continue,manual,34.00,,TRUE,TRUE,,,,,,,g,
gildan-5000-heavy-cotton-t-shirt,,,,,,,,Royal,,5XL,,3 Print Areas,GILDAN_5000_ROYAL_5XL_03,0,,,continue,manual,44.00,,TRUE,TRUE,,,,,,,g,
gildan-5000-heavy-cotton-t-shirt,,,,,,,,Royal,,5XL,,4 Print Areas,GILDAN_5000_ROYAL_5XL_04,0,,,continue,manual,54.00,,TRUE,TRUE,,,,,,,g,
gildan-5000-heavy-cotton-t-shirt,,,,,,,,Military Green,,SM,,1 Print Area,GILDAN_5000_MILITARY_GREEN_SM_01,0,,,continue,manual,18.00,,TRUE,TRUE,,,,,,,g,
gildan-5000-heavy-cotton-t-shirt,,,,,,,,Military Green,,SM,,2 Print Areas,GILDAN_5000_MILITARY_GREEN_SM_02,0,,,continue,manual,28.00,,TRUE,TRUE,,,,,,,g,
gildan-5000-heavy-cotton-t-shirt,,,,,,,,Military Green,,SM,,3 Print Areas,GILDAN_5000_MILITARY_GREEN_SM_03,0,,,continue,manual,38.00,,TRUE,TRUE,,,,,,,g,
gildan-5000-heavy-cotton-t-shirt,,,,,,,,Military Green,,SM,,4 Print Areas,GILDAN_5000_MILITARY_GREEN_SM_04,0,,,continue,manual,48.00,,TRUE,TRUE,,,,,,,g,
gildan-5000-heavy-cotton-t-shirt,,,,,,,,Military Green,,MD,,1 Print Area,GILDAN_5000_MILITARY_GREEN_MD_01,0,,,continue,manual,18.00,,TRUE,TRUE,,,,,,,g,
gildan-5000-heavy-cotton-t-shirt,,,,,,,,Military Green,,MD,,2 Print Areas,GILDAN_5000_MILITARY_GREEN_MD_02,0,,,continue,manual,28.00,,TRUE,TRUE,,,,,,,g,
gildan-5000-heavy-cotton-t-shirt,,,,,,,,Military Green,,MD,,3 Print Areas,GILDAN_5000_MILITARY_GREEN_MD_03,0,,,continue,manual,38.00,,TRUE,TRUE,,,,,,,g,
gildan-5000-heavy-cotton-t-shirt,,,,,,,,Military Green,,MD,,4 Print Areas,GILDAN_5000_MILITARY_GREEN_MD_04,0,,,continue,manual,48.00,,TRUE,TRUE,,,,,,,g,
gildan-5000-heavy-cotton-t-shirt,,,,,,,,Military Green,,LG,,1 Print Area,GILDAN_5000_MILITARY_GREEN_LG_01,0,,,continue,manual,18.00,,TRUE,TRUE,,,,,,,g,
gildan-5000-heavy-cotton-t-shirt,,,,,,,,Military Green,,LG,,2 Print Areas,GILDAN_5000_MILITARY_GREEN_LG_02,0,,,continue,manual,28.00,,TRUE,TRUE,,,,,,,g,
gildan-5000-heavy-cotton-t-shirt,,,,,,,,Military Green,,LG,,3 Print Areas,GILDAN_5000_MILITARY_GREEN_LG_03,0,,,continue,manual,38.00,,TRUE,TRUE,,,,,,,g,
gildan-5000-heavy-cotton-t-shirt,,,,,,,,Military Green,,LG,,4 Print Areas,GILDAN_5000_MILITARY_GREEN_LG_04,0,,,continue,manual,48.00,,TRUE,TRUE,,,,,,,g,
gildan-5000-heavy-cotton-t-shirt,,,,,,,,Military Green,,XL,,1 Print Area,GILDAN_5000_MILITARY_GREEN_XL_01,0,,,continue,manual,18.00,,TRUE,TRUE,,,,,,,g,
gildan-5000-heavy-cotton-t-shirt,,,,,,,,Military Green,,XL,,2 Print Areas,GILDAN_5000_MILITARY_GREEN_XL_02,0,,,continue,manual,28.00,,TRUE,TRUE,,,,,,,g,
gildan-5000-heavy-cotton-t-shirt,,,,,,,,Military Green,,XL,,3 Print Areas,GILDAN_5000_MILITARY_GREEN_XL_03,0,,,continue,manual,38.00,,TRUE,TRUE,,,,,,,g,
gildan-5000-heavy-cotton-t-shirt,,,,,,,,Military Green,,XL,,4 Print Areas,GILDAN_5000_MILITARY_GREEN_XL_04,0,,,continue,manual,48.00,,TRUE,TRUE,,,,,,,g,
gildan-5000-heavy-cotton-t-shirt,,,,,,,,Military Green,,2XL,,1 Print Area,GILDAN_5000_MILITARY_GREEN_2XL_01,0,,,continue,manual,22.00,,TRUE,TRUE,,,,,,,g,
gildan-5000-heavy-cotton-t-shirt,,,,,,,,Military Green,,2XL,,2 Print Areas,GILDAN_5000_MILITARY_GREEN_2XL_02,0,,,continue,manual,32.00,,TRUE,TRUE,,,,,,,g,
gildan-5000-heavy-cotton-t-shirt,,,,,,,,Military Green,,2XL,,3 Print Areas,GILDAN_5000_MILITARY_GREEN_2XL_03,0,,,continue,manual,42.00,,TRUE,TRUE,,,,,,,g,
gildan-5000-heavy-cotton-t-shirt,,,,,,,,Military Green,,2XL,,4 Print Areas,GILDAN_5000_MILITARY_GREEN_2XL_04,0,,,continue,manual,52.00,,TRUE,TRUE,,,,,,,g,
gildan-5000-heavy-cotton-t-shirt,,,,,,,,Military Green,,3XL,,1 Print Area,GILDAN_5000_MILITARY_GREEN_3XL_01,0,,,continue,manual,24.00,,TRUE,TRUE,,,,,,,g,
gildan-5000-heavy-cotton-t-shirt,,,,,,,,Military Green,,3XL,,2 Print Areas,GILDAN_5000_MILITARY_GREEN_3XL_02,0,,,continue,manual,34.00,,TRUE,TRUE,,,,,,,g,
gildan-5000-heavy-cotton-t-shirt,,,,,,,,Military Green,,3XL,,3 Print Areas,GILDAN_5000_MILITARY_GREEN_3XL_03,0,,,continue,manual,44.00,,TRUE,TRUE,,,,,,,g,
gildan-5000-heavy-cotton-t-shirt,,,,,,,,Military Green,,3XL,,4 Print Areas,GILDAN_5000_MILITARY_GREEN_3XL_04,0,,,continue,manual,54.00,,TRUE,TRUE,,,,,,,g,
gildan-5000-heavy-cotton-t-shirt,,,,,,,,Military Green,,4XL,,1 Print Area,GILDAN_5000_MILITARY_GREEN_4XL_01,0,,,continue,manual,24.00,,TRUE,TRUE,,,,,,,g,
gildan-5000-heavy-cotton-t-shirt,,,,,,,,Military Green,,4XL,,2 Print Areas,GILDAN_5000_MILITARY_GREEN_4XL_02,0,,,continue,manual,34.00,,TRUE,TRUE,,,,,,,g,
gildan-5000-heavy-cotton-t-shirt,,,,,,,,Military Green,,4XL,,3 Print Areas,GILDAN_5000_MILITARY_GREEN_4XL_03,0,,,continue,manual,44.00,,TRUE,TRUE,,,,,,,g,
gildan-5000-heavy-cotton-t-shirt,,,,,,,,Military Green,,4XL,,4 Print Areas,GILDAN_5000_MILITARY_GREEN_4XL_04,0,,,continue,manual,54.00,,TRUE,TRUE,,,,,,,g,
gildan-5000-heavy-cotton-t-shirt,,,,,,,,Military Green,,5XL,,1 Print Area,GILDAN_5000_MILITARY_GREEN_5XL_01,0,,,continue,manual,24.00,,TRUE,TRUE,,,,,,,g,
gildan-5000-heavy-cotton-t-shirt,,,,,,,,Military Green,,5XL,,2 Print Areas,GILDAN_5000_MILITARY_GREEN_5XL_02,0,,,continue,manual,34.00,,TRUE,TRUE,,,,,,,g,
gildan-5000-heavy-cotton-t-shirt,,,,,,,,Military Green,,5XL,,3 Print Areas,GILDAN_5000_MILITARY_GREEN_5XL_03,0,,,continue,manual,44.00,,TRUE,TRUE,,,,,,,g,
gildan-5000-heavy-cotton-t-shirt,,,,,,,,Military Green,,5XL,,4 Print Areas,GILDAN_5000_MILITARY_GREEN_5XL_04,0,,,continue,manual,54.00,,TRUE,TRUE,,,,,,,g,
gildan-5000-heavy-cotton-t-shirt,,,,,,,,Forest Green,,SM,,1 Print Area,GILDAN_5000_FOREST_GREEN_SM_01,0,,,continue,manual,18.00,,TRUE,TRUE,,,,,,,g,
gildan-5000-heavy-cotton-t-shirt,,,,,,,,Forest Green,,SM,,2 Print Areas,GILDAN_5000_FOREST_GREEN_SM_02,0,,,continue,manual,28.00,,TRUE,TRUE,,,,,,,g,
gildan-5000-heavy-cotton-t-shirt,,,,,,,,Forest Green,,SM,,3 Print Areas,GILDAN_5000_FOREST_GREEN_SM_03,0,,,continue,manual,38.00,,TRUE,TRUE,,,,,,,g,
gildan-5000-heavy-cotton-t-shirt,,,,,,,,Forest Green,,SM,,4 Print Areas,GILDAN_5000_FOREST_GREEN_SM_04,0,,,continue,manual,48.00,,TRUE,TRUE,,,,,,,g,
gildan-5000-heavy-cotton-t-shirt,,,,,,,,Forest Green,,MD,,1 Print Area,GILDAN_5000_FOREST_GREEN_MD_01,0,,,continue,manual,18.00,,TRUE,TRUE,,,,,,,g,
gildan-5000-heavy-cotton-t-shirt,,,,,,,,Forest Green,,MD,,2 Print Areas,GILDAN_5000_FOREST_GREEN_MD_02,0,,,continue,manual,28.00,,TRUE,TRUE,,,,,,,g,
gildan-5000-heavy-cotton-t-shirt,,,,,,,,Forest Green,,MD,,3 Print Areas,GILDAN_5000_FOREST_GREEN_MD_03,0,,,continue,manual,38.00,,TRUE,TRUE,,,,,,,g,
gildan-5000-heavy-cotton-t-shirt,,,,,,,,Forest Green,,MD,,4 Print Areas,GILDAN_5000_FOREST_GREEN_MD_04,0,,,continue,manual,48.00,,TRUE,TRUE,,,,,,,g,
gildan-5000-heavy-cotton-t-shirt,,,,,,,,Forest Green,,LG,,1 Print Area,GILDAN_5000_FOREST_GREEN_LG_01,0,,,continue,manual,18.00,,TRUE,TRUE,,,,,,,g,
gildan-5000-heavy-cotton-t-shirt,,,,,,,,Forest Green,,LG,,2 Print Areas,GILDAN_5000_FOREST_GREEN_LG_02,0,,,continue,manual,28.00,,TRUE,TRUE,,,,,,,g,
gildan-5000-heavy-cotton-t-shirt,,,,,,,,Forest Green,,LG,,3 Print Areas,GILDAN_5000_FOREST_GREEN_LG_03,0,,,continue,manual,38.00,,TRUE,TRUE,,,,,,,g,
gildan-5000-heavy-cotton-t-shirt,,,,,,,,Forest Green,,LG,,4 Print Areas,GILDAN_5000_FOREST_GREEN_LG_04,0,,,continue,manual,48.00,,TRUE,TRUE,,,,,,,g,
gildan-5000-heavy-cotton-t-shirt,,,,,,,,Forest Green,,XL,,1 Print Area,GILDAN_5000_FOREST_GREEN_XL_01,0,,,continue,manual,18.00,,TRUE,TRUE,,,,,,,g,
gildan-5000-heavy-cotton-t-shirt,,,,,,,,Forest Green,,XL,,2 Print Areas,GILDAN_5000_FOREST_GREEN_XL_02,0,,,continue,manual,28.00,,TRUE,TRUE,,,,,,,g,
gildan-5000-heavy-cotton-t-shirt,,,,,,,,Forest Green,,XL,,3 Print Areas,GILDAN_5000_FOREST_GREEN_XL_03,0,,,continue,manual,38.00,,TRUE,TRUE,,,,,,,g,
gildan-5000-heavy-cotton-t-shirt,,,,,,,,Forest Green,,XL,,4 Print Areas,GILDAN_5000_FOREST_GREEN_XL_04,0,,,continue,manual,48.00,,TRUE,TRUE,,,,,,,g,
gildan-5000-heavy-cotton-t-shirt,,,,,,,,Forest Green,,2XL,,1 Print Area,GILDAN_5000_FOREST_GREEN_2XL_01,0,,,continue,manual,22.00,,TRUE,TRUE,,,,,,,g,
gildan-5000-heavy-cotton-t-shirt,,,,,,,,Forest Green,,2XL,,2 Print Areas,GILDAN_5000_FOREST_GREEN_2XL_02,0,,,continue,manual,32.00,,TRUE,TRUE,,,,,,,g,
gildan-5000-heavy-cotton-t-shirt,,,,,,,,Forest Green,,2XL,,3 Print Areas,GILDAN_5000_FOREST_GREEN_2XL_03,0,,,continue,manual,42.00,,TRUE,TRUE,,,,,,,g,
gildan-5000-heavy-cotton-t-shirt,,,,,,,,Forest Green,,2XL,,4 Print Areas,GILDAN_5000_FOREST_GREEN_2XL_04,0,,,continue,manual,52.00,,TRUE,TRUE,,,,,,,g,
gildan-5000-heavy-cotton-t-shirt,,,,,,,,Forest Green,,3XL,,1 Print Area,GILDAN_5000_FOREST_GREEN_3XL_01,0,,,continue,manual,24.00,,TRUE,TRUE,,,,,,,g,
gildan-5000-heavy-cotton-t-shirt,,,,,,,,Forest Green,,3XL,,2 Print Areas,GILDAN_5000_FOREST_GREEN_3XL_02,0,,,continue,manual,34.00,,TRUE,TRUE,,,,,,,g,
gildan-5000-heavy-cotton-t-shirt,,,,,,,,Forest Green,,3XL,,3 Print Areas,GILDAN_5000_FOREST_GREEN_3XL_03,0,,,continue,manual,44.00,,TRUE,TRUE,,,,,,,g,
gildan-5000-heavy-cotton-t-shirt,,,,,,,,Forest Green,,3XL,,4 Print Areas,GILDAN_5000_FOREST_GREEN_3XL_04,0,,,continue,manual,54.00,,TRUE,TRUE,,,,,,,g,
gildan-5000-heavy-cotton-t-shirt,,,,,,,,Forest Green,,4XL,,1 Print Area,GILDAN_5000_FOREST_GREEN_4XL_01,0,,,continue,manual,24.00,,TRUE,TRUE,,,,,,,g,
gildan-5000-heavy-cotton-t-shirt,,,,,,,,Forest Green,,4XL,,2 Print Areas,GILDAN_5000_FOREST_GREEN_4XL_02,0,,,continue,manual,34.00,,TRUE,TRUE,,,,,,,g,
gildan-5000-heavy-cotton-t-shirt,,,,,,,,Forest Green,,4XL,,3 Print Areas,GILDAN_5000_FOREST_GREEN_4XL_03,0,,,continue,manual,44.00,,TRUE,TRUE,,,,,,,g,
gildan-5000-heavy-cotton-t-shirt,,,,,,,,Forest Green,,4XL,,4 Print Areas,GILDAN_5000_FOREST_GREEN_4XL_04,0,,,continue,manual,54.00,,TRUE,TRUE,,,,,,,g,
gildan-5000-heavy-cotton-t-shirt,,,,,,,,Forest Green,,5XL,,1 Print Area,GILDAN_5000_FOREST_GREEN_5XL_01,0,,,continue,manual,24.00,,TRUE,TRUE,,,,,,,g,
gildan-5000-heavy-cotton-t-shirt,,,,,,,,Forest Green,,5XL,,2 Print Areas,GILDAN_5000_FOREST_GREEN_5XL_02,0,,,continue,manual,34.00,,TRUE,TRUE,,,,,,,g,
gildan-5000-heavy-cotton-t-shirt,,,,,,,,Forest Green,,5XL,,3 Print Areas,GILDAN_5000_FOREST_GREEN_5XL_03,0,,,continue,manual,44.00,,TRUE,TRUE,,,,,,,g,
gildan-5000-heavy-cotton-t-shirt,,,,,,,,Forest Green,,5XL,,4 Print Areas,GILDAN_5000_FOREST_GREEN_5XL_04,0,,,continue,manual,54.00,,TRUE,TRUE,,,,,,,g,
gildan-5000-heavy-cotton-t-shirt,,,,,,,,Maroon,,SM,,1 Print Area,GILDAN_5000_MAROON_SM_01,0,,,continue,manual,18.00,,TRUE,TRUE,,,,,,,g,
gildan-5000-heavy-cotton-t-shirt,,,,,,,,Maroon,,SM,,2 Print Areas,GILDAN_5000_MAROON_SM_02,0,,,continue,manual,28.00,,TRUE,TRUE,,,,,,,g,
gildan-5000-heavy-cotton-t-shirt,,,,,,,,Maroon,,SM,,3 Print Areas,GILDAN_5000_MAROON_SM_03,0,,,continue,manual,38.00,,TRUE,TRUE,,,,,,,g,
gildan-5000-heavy-cotton-t-shirt,,,,,,,,Maroon,,SM,,4 Print Areas,GILDAN_5000_MAROON_SM_04,0,,,continue,manual,48.00,,TRUE,TRUE,,,,,,,g,
gildan-5000-heavy-cotton-t-shirt,,,,,,,,Maroon,,MD,,1 Print Area,GILDAN_5000_MAROON_MD_01,0,,,continue,manual,18.00,,TRUE,TRUE,,,,,,,g,
gildan-5000-heavy-cotton-t-shirt,,,,,,,,Maroon,,MD,,2 Print Areas,GILDAN_5000_MAROON_MD_02,0,,,continue,manual,28.00,,TRUE,TRUE,,,,,,,g,
gildan-5000-heavy-cotton-t-shirt,,,,,,,,Maroon,,MD,,3 Print Areas,GILDAN_5000_MAROON_MD_03,0,,,continue,manual,38.00,,TRUE,TRUE,,,,,,,g,
gildan-5000-heavy-cotton-t-shirt,,,,,,,,Maroon,,MD,,4 Print Areas,GILDAN_5000_MAROON_MD_04,0,,,continue,manual,48.00,,TRUE,TRUE,,,,,,,g,
gildan-5000-heavy-cotton-t-shirt,,,,,,,,Maroon,,LG,,1 Print Area,GILDAN_5000_MAROON_LG_01,0,,,continue,manual,18.00,,TRUE,TRUE,,,,,,,g,
gildan-5000-heavy-cotton-t-shirt,,,,,,,,Maroon,,LG,,2 Print Areas,GILDAN_5000_MAROON_LG_02,0,,,continue,manual,28.00,,TRUE,TRUE,,,,,,,g,
gildan-5000-heavy-cotton-t-shirt,,,,,,,,Maroon,,LG,,3 Print Areas,GILDAN_5000_MAROON_LG_03,0,,,continue,manual,38.00,,TRUE,TRUE,,,,,,,g,
gildan-5000-heavy-cotton-t-shirt,,,,,,,,Maroon,,LG,,4 Print Areas,GILDAN_5000_MAROON_LG_04,0,,,continue,manual,48.00,,TRUE,TRUE,,,,,,,g,
gildan-5000-heavy-cotton-t-shirt,,,,,,,,Maroon,,XL,,1 Print Area,GILDAN_5000_MAROON_XL_01,0,,,continue,manual,18.00,,TRUE,TRUE,,,,,,,g,
gildan-5000-heavy-cotton-t-shirt,,,,,,,,Maroon,,XL,,2 Print Areas,GILDAN_5000_MAROON_XL_02,0,,,continue,manual,28.00,,TRUE,TRUE,,,,,,,g,
gildan-5000-heavy-cotton-t-shirt,,,,,,,,Maroon,,XL,,3 Print Areas,GILDAN_5000_MAROON_XL_03,0,,,continue,manual,38.00,,TRUE,TRUE,,,,,,,g,
gildan-5000-heavy-cotton-t-shirt,,,,,,,,Maroon,,XL,,4 Print Areas,GILDAN_5000_MAROON_XL_04,0,,,continue,manual,48.00,,TRUE,TRUE,,,,,,,g,
gildan-5000-heavy-cotton-t-shirt,,,,,,,,Maroon,,2XL,,1 Print Area,GILDAN_5000_MAROON_2XL_01,0,,,continue,manual,22.00,,TRUE,TRUE,,,,,,,g,
gildan-5000-heavy-cotton-t-shirt,,,,,,,,Maroon,,2XL,,2 Print Areas,GILDAN_5000_MAROON_2XL_02,0,,,continue,manual,32.00,,TRUE,TRUE,,,,,,,g,
gildan-5000-heavy-cotton-t-shirt,,,,,,,,Maroon,,2XL,,3 Print Areas,GILDAN_5000_MAROON_2XL_03,0,,,continue,manual,42.00,,TRUE,TRUE,,,,,,,g,
gildan-5000-heavy-cotton-t-shirt,,,,,,,,Maroon,,2XL,,4 Print Areas,GILDAN_5000_MAROON_2XL_04,0,,,continue,manual,52.00,,TRUE,TRUE,,,,,,,g,
gildan-5000-heavy-cotton-t-shirt,,,,,,,,Maroon,,3XL,,1 Print Area,GILDAN_5000_MAROON_3XL_01,0,,,continue,manual,24.00,,TRUE,TRUE,,,,,,,g,
gildan-5000-heavy-cotton-t-shirt,,,,,,,,Maroon,,3XL,,2 Print Areas,GILDAN_5000_MAROON_3XL_02,0,,,continue,manual,34.00,,TRUE,TRUE,,,,,,,g,
gildan-5000-heavy-cotton-t-shirt,,,,,,,,Maroon,,3XL,,3 Print Areas,GILDAN_5000_MAROON_3XL_03,0,,,continue,manual,44.00,,TRUE,TRUE,,,,,,,g,
gildan-5000-heavy-cotton-t-shirt,,,,,,,,Maroon,,3XL,,4 Print Areas,GILDAN_5000_MAROON_3XL_04,0,,,continue,manual,54.00,,TRUE,TRUE,,,,,,,g,
gildan-5000-heavy-cotton-t-shirt,,,,,,,,Maroon,,4XL,,1 Print Area,GILDAN_5000_MAROON_4XL_01,0,,,continue,manual,24.00,,TRUE,TRUE,,,,,,,g,
gildan-5000-heavy-cotton-t-shirt,,,,,,,,Maroon,,4XL,,2 Print Areas,GILDAN_5000_MAROON_4XL_02,0,,,continue,manual,34.00,,TRUE,TRUE,,,,,,,g,
gildan-5000-heavy-cotton-t-shirt,,,,,,,,Maroon,,4XL,,3 Print Areas,GILDAN_5000_MAROON_4XL_03,0,,,continue,manual,44.00,,TRUE,TRUE,,,,,,,g,
gildan-5000-heavy-cotton-t-shirt,,,,,,,,Maroon,,4XL,,4 Print Areas,GILDAN_5000_MAROON_4XL_04,0,,,continue,manual,54.00,,TRUE,TRUE,,,,,,,g,
gildan-5000-heavy-cotton-t-shirt,,,,,,,,Maroon,,5XL,,1 Print Area,GILDAN_5000_MAROON_5XL_01,0,,,continue,manual,24.00,,TRUE,TRUE,,,,,,,g,
gildan-5000-heavy-cotton-t-shirt,,,,,,,,Maroon,,5XL,,2 Print Areas,GILDAN_5000_MAROON_5XL_02,0,,,continue,manual,34.00,,TRUE,TRUE,,,,,,,g,
gildan-5000-heavy-cotton-t-shirt,,,,,,,,Maroon,,5XL,,3 Print Areas,GILDAN_5000_MAROON_5XL_03,0,,,continue,manual,44.00,,TRUE,TRUE,,,,,,,g,
gildan-5000-heavy-cotton-t-shirt,,,,,,,,Maroon,,5XL,,4 Print Areas,GILDAN_5000_MAROON_5XL_04,0,,,continue,manual,54.00,,TRUE,TRUE,,,,,,,g,
gildan-5000-heavy-cotton-t-shirt,,,,,,,,Light Blue,,SM,,1 Print Area,GILDAN_5000_LIGHT_BLUE_SM_01,0,,,continue,manual,18.00,,TRUE,TRUE,,,,,,,g,
gildan-5000-heavy-cotton-t-shirt,,,,,,,,Light Blue,,SM,,2 Print Areas,GILDAN_5000_LIGHT_BLUE_SM_02,0,,,continue,manual,28.00,,TRUE,TRUE,,,,,,,g,
gildan-5000-heavy-cotton-t-shirt,,,,,,,,Light Blue,,SM,,3 Print Areas,GILDAN_5000_LIGHT_BLUE_SM_03,0,,,continue,manual,38.00,,TRUE,TRUE,,,,,,,g,
gildan-5000-heavy-cotton-t-shirt,,,,,,,,Light Blue,,SM,,4 Print Areas,GILDAN_5000_LIGHT_BLUE_SM_04,0,,,continue,manual,48.00,,TRUE,TRUE,,,,,,,g,
gildan-5000-heavy-cotton-t-shirt,,,,,,,,Light Blue,,MD,,1 Print Area,GILDAN_5000_LIGHT_BLUE_MD_01,0,,,continue,manual,18.00,,TRUE,TRUE,,,,,,,g,
gildan-5000-heavy-cotton-t-shirt,,,,,,,,Light Blue,,MD,,2 Print Areas,GILDAN_5000_LIGHT_BLUE_MD_02,0,,,continue,manual,28.00,,TRUE,TRUE,,,,,,,g,
gildan-5000-heavy-cotton-t-shirt,,,,,,,,Light Blue,,MD,,3 Print Areas,GILDAN_5000_LIGHT_BLUE_MD_03,0,,,continue,manual,38.00,,TRUE,TRUE,,,,,,,g,
gildan-5000-heavy-cotton-t-shirt,,,,,,,,Light Blue,,MD,,4 Print Areas,GILDAN_5000_LIGHT_BLUE_MD_04,0,,,continue,manual,48.00,,TRUE,TRUE,,,,,,,g,
gildan-5000-heavy-cotton-t-shirt,,,,,,,,Light Blue,,LG,,1 Print Area,GILDAN_5000_LIGHT_BLUE_LG_01,0,,,continue,manual,18.00,,TRUE,TRUE,,,,,,,g,
gildan-5000-heavy-cotton-t-shirt,,,,,,,,Light Blue,,LG,,2 Print Areas,GILDAN_5000_LIGHT_BLUE_LG_02,0,,,continue,manual,28.00,,TRUE,TRUE,,,,,,,g,
gildan-5000-heavy-cotton-t-shirt,,,,,,,,Light Blue,,LG,,3 Print Areas,GILDAN_5000_LIGHT_BLUE_LG_03,0,,,continue,manual,38.00,,TRUE,TRUE,,,,,,,g,
gildan-5000-heavy-cotton-t-shirt,,,,,,,,Light Blue,,LG,,4 Print Areas,GILDAN_5000_LIGHT_BLUE_LG_04,0,,,continue,manual,48.00,,TRUE,TRUE,,,,,,,g,
gildan-5000-heavy-cotton-t-shirt,,,,,,,,Light Blue,,XL,,1 Print Area,GILDAN_5000_LIGHT_BLUE_XL_01,0,,,continue,manual,18.00,,TRUE,TRUE,,,,,,,g,
gildan-5000-heavy-cotton-t-shirt,,,,,,,,Light Blue,,XL,,2 Print Areas,GILDAN_5000_LIGHT_BLUE_XL_02,0,,,continue,manual,28.00,,TRUE,TRUE,,,,,,,g,
gildan-5000-heavy-cotton-t-shirt,,,,,,,,Light Blue,,XL,,3 Print Areas,GILDAN_5000_LIGHT_BLUE_XL_03,0,,,continue,manual,38.00,,TRUE,TRUE,,,,,,,g,
gildan-5000-heavy-cotton-t-shirt,,,,,,,,Light Blue,,XL,,4 Print Areas,GILDAN_5000_LIGHT_BLUE_XL_04,0,,,continue,manual,48.00,,TRUE,TRUE,,,,,,,g,
gildan-5000-heavy-cotton-t-shirt,,,,,,,,Light Blue,,2XL,,1 Print Area,GILDAN_5000_LIGHT_BLUE_2XL_01,0,,,continue,manual,22.00,,TRUE,TRUE,,,,,,,g,
gildan-5000-heavy-cotton-t-shirt,,,,,,,,Light Blue,,2XL,,2 Print Areas,GILDAN_5000_LIGHT_BLUE_2XL_02,0,,,continue,manual,32.00,,TRUE,TRUE,,,,,,,g,
gildan-5000-heavy-cotton-t-shirt,,,,,,,,Light Blue,,2XL,,3 Print Areas,GILDAN_5000_LIGHT_BLUE_2XL_03,0,,,continue,manual,42.00,,TRUE,TRUE,,,,,,,g,
gildan-5000-heavy-cotton-t-shirt,,,,,,,,Light Blue,,2XL,,4 Print Areas,GILDAN_5000_LIGHT_BLUE_2XL_04,0,,,continue,manual,52.00,,TRUE,TRUE,,,,,,,g,
gildan-5000-heavy-cotton-t-shirt,,,,,,,,Light Blue,,3XL,,1 Print Area,GILDAN_5000_LIGHT_BLUE_3XL_01,0,,,continue,manual,24.00,,TRUE,TRUE,,,,,,,g,
gildan-5000-heavy-cotton-t-shirt,,,,,,,,Light Blue,,3XL,,2 Print Areas,GILDAN_5000_LIGHT_BLUE_3XL_02,0,,,continue,manual,34.00,,TRUE,TRUE,,,,,,,g,
gildan-5000-heavy-cotton-t-shirt,,,,,,,,Light Blue,,3XL,,3 Print Areas,GILDAN_5000_LIGHT_BLUE_3XL_03,0,,,continue,manual,44.00,,TRUE,TRUE,,,,,,,g,
gildan-5000-heavy-cotton-t-shirt,,,,,,,,Light Blue,,3XL,,4 Print Areas,GILDAN_5000_LIGHT_BLUE_3XL_04,0,,,continue,manual,54.00,,TRUE,TRUE,,,,,,,g,
gildan-5000-heavy-cotton-t-shirt,,,,,,,,Light Blue,,4XL,,1 Print Area,GILDAN_5000_LIGHT_BLUE_4XL_01,0,,,continue,manual,24.00,,TRUE,TRUE,,,,,,,g,
gildan-5000-heavy-cotton-t-shirt,,,,,,,,Light Blue,,4XL,,2 Print Areas,GILDAN_5000_LIGHT_BLUE_4XL_02,0,,,continue,manual,34.00,,TRUE,TRUE,,,,,,,g,
gildan-5000-heavy-cotton-t-shirt,,,,,,,,Light Blue,,4XL,,3 Print Areas,GILDAN_5000_LIGHT_BLUE_4XL_03,0,,,continue,manual,44.00,,TRUE,TRUE,,,,,,,g,
gildan-5000-heavy-cotton-t-shirt,,,,,,,,Light Blue,,4XL,,4 Print Areas,GILDAN_5000_LIGHT_BLUE_4XL_04,0,,,continue,manual,54.00,,TRUE,TRUE,,,,,,,g,
gildan-5000-heavy-cotton-t-shirt,,,,,,,,Light Blue,,5XL,,1 Print Area,GILDAN_5000_LIGHT_BLUE_5XL_01,0,,,continue,manual,24.00,,TRUE,TRUE,,,,,,,g,
gildan-5000-heavy-cotton-t-shirt,,,,,,,,Light Blue,,5XL,,2 Print Areas,GILDAN_5000_LIGHT_BLUE_5XL_02,0,,,continue,manual,34.00,,TRUE,TRUE,,,,,,,g,
gildan-5000-heavy-cotton-t-shirt,,,,,,,,Light Blue,,5XL,,3 Print Areas,GILDAN_5000_LIGHT_BLUE_5XL_03,0,,,continue,manual,44.00,,TRUE,TRUE,,,,,,,g,
gildan-5000-heavy-cotton-t-shirt,,,,,,,,Light Blue,,5XL,,4 Print Areas,GILDAN_5000_LIGHT_BLUE_5XL_04,0,,,continue,manual,54.00,,TRUE,TRUE,,,,,,,g,
gildan-5000-heavy-cotton-t-shirt,,,,,,,,Light Pink,,SM,,1 Print Area,GILDAN_5000_LIGHT_PINK_SM_01,0,,,continue,manual,18.00,,TRUE,TRUE,,,,,,,g,
gildan-5000-heavy-cotton-t-shirt,,,,,,,,Light Pink,,SM,,2 Print Areas,GILDAN_5000_LIGHT_PINK_SM_02,0,,,continue,manual,28.00,,TRUE,TRUE,,,,,,,g,
gildan-5000-heavy-cotton-t-shirt,,,,,,,,Light Pink,,SM,,3 Print Areas,GILDAN_5000_LIGHT_PINK_SM_03,0,,,continue,manual,38.00,,TRUE,TRUE,,,,,,,g,
gildan-5000-heavy-cotton-t-shirt,,,,,,,,Light Pink,,SM,,4 Print Areas,GILDAN_5000_LIGHT_PINK_SM_04,0,,,continue,manual,48.00,,TRUE,TRUE,,,,,,,g,
gildan-5000-heavy-cotton-t-shirt,,,,,,,,Light Pink,,MD,,1 Print Area,GILDAN_5000_LIGHT_PINK_MD_01,0,,,continue,manual,18.00,,TRUE,TRUE,,,,,,,g,
gildan-5000-heavy-cotton-t-shirt,,,,,,,,Light Pink,,MD,,2 Print Areas,GILDAN_5000_LIGHT_PINK_MD_02,0,,,continue,manual,28.00,,TRUE,TRUE,,,,,,,g,
gildan-5000-heavy-cotton-t-shirt,,,,,,,,Light Pink,,MD,,3 Print Areas,GILDAN_5000_LIGHT_PINK_MD_03,0,,,continue,manual,38.00,,TRUE,TRUE,,,,,,,g,
gildan-5000-heavy-cotton-t-shirt,,,,,,,,Light Pink,,MD,,4 Print Areas,GILDAN_5000_LIGHT_PINK_MD_04,0,,,continue,manual,48.00,,TRUE,TRUE,,,,,,,g,
gildan-5000-heavy-cotton-t-shirt,,,,,,,,Light Pink,,LG,,1 Print Area,GILDAN_5000_LIGHT_PINK_LG_01,0,,,continue,manual,18.00,,TRUE,TRUE,,,,,,,g,
gildan-5000-heavy-cotton-t-shirt,,,,,,,,Light Pink,,LG,,2 Print Areas,GILDAN_5000_LIGHT_PINK_LG_02,0,,,continue,manual,28.00,,TRUE,TRUE,,,,,,,g,
gildan-5000-heavy-cotton-t-shirt,,,,,,,,Light Pink,,LG,,3 Print Areas,GILDAN_5000_LIGHT_PINK_LG_03,0,,,continue,manual,38.00,,TRUE,TRUE,,,,,,,g,
gildan-5000-heavy-cotton-t-shirt,,,,,,,,Light Pink,,LG,,4 Print Areas,GILDAN_5000_LIGHT_PINK_LG_04,0,,,continue,manual,48.00,,TRUE,TRUE,,,,,,,g,
gildan-5000-heavy-cotton-t-shirt,,,,,,,,Light Pink,,XL,,1 Print Area,GILDAN_5000_LIGHT_PINK_XL_01,0,,,continue,manual,18.00,,TRUE,TRUE,,,,,,,g,
gildan-5000-heavy-cotton-t-shirt,,,,,,,,Light Pink,,XL,,2 Print Areas,GILDAN_5000_LIGHT_PINK_XL_02,0,,,continue,manual,28.00,,TRUE,TRUE,,,,,,,g,
gildan-5000-heavy-cotton-t-shirt,,,,,,,,Light Pink,,XL,,3 Print Areas,GILDAN_5000_LIGHT_PINK_XL_03,0,,,continue,manual,38.00,,TRUE,TRUE,,,,,,,g,
gildan-5000-heavy-cotton-t-shirt,,,,,,,,Light Pink,,XL,,4 Print Areas,GILDAN_5000_LIGHT_PINK_XL_04,0,,,continue,manual,48.00,,TRUE,TRUE,,,,,,,g,
gildan-5000-heavy-cotton-t-shirt,,,,,,,,Light Pink,,2XL,,1 Print Area,GILDAN_5000_LIGHT_PINK_2XL_01,0,,,continue,manual,22.00,,TRUE,TRUE,,,,,,,g,
gildan-5000-heavy-cotton-t-shirt,,,,,,,,Light Pink,,2XL,,2 Print Areas,GILDAN_5000_LIGHT_PINK_2XL_02,0,,,continue,manual,32.00,,TRUE,TRUE,,,,,,,g,
gildan-5000-heavy-cotton-t-shirt,,,,,,,,Light Pink,,2XL,,3 Print Areas,GILDAN_5000_LIGHT_PINK_2XL_03,0,,,continue,manual,42.00,,TRUE,TRUE,,,,,,,g,
gildan-5000-heavy-cotton-t-shirt,,,,,,,,Light Pink,,2XL,,4 Print Areas,GILDAN_5000_LIGHT_PINK_2XL_04,0,,,continue,manual,52.00,,TRUE,TRUE,,,,,,,g,
gildan-5000-heavy-cotton-t-shirt,,,,,,,,Light Pink,,3XL,,1 Print Area,GILDAN_5000_LIGHT_PINK_3XL_01,0,,,continue,manual,24.00,,TRUE,TRUE,,,,,,,g,
gildan-5000-heavy-cotton-t-shirt,,,,,,,,Light Pink,,3XL,,2 Print Areas,GILDAN_5000_LIGHT_PINK_3XL_02,0,,,continue,manual,34.00,,TRUE,TRUE,,,,,,,g,
gildan-5000-heavy-cotton-t-shirt,,,,,,,,Light Pink,,3XL,,3 Print Areas,GILDAN_5000_LIGHT_PINK_3XL_03,0,,,continue,manual,44.00,,TRUE,TRUE,,,,,,,g,
gildan-5000-heavy-cotton-t-shirt,,,,,,,,Light Pink,,3XL,,4 Print Areas,GILDAN_5000_LIGHT_PINK_3XL_04,0,,,continue,manual,54.00,,TRUE,TRUE,,,,,,,g,
gildan-5000-heavy-cotton-t-shirt,,,,,,,,Light Pink,,4XL,,1 Print Area,GILDAN_5000_LIGHT_PINK_4XL_01,0,,,continue,manual,24.00,,TRUE,TRUE,,,,,,,g,
gildan-5000-heavy-cotton-t-shirt,,,,,,,,Light Pink,,4XL,,2 Print Areas,GILDAN_5000_LIGHT_PINK_4XL_02,0,,,continue,manual,34.00,,TRUE,TRUE,,,,,,,g,
gildan-5000-heavy-cotton-t-shirt,,,,,,,,Light Pink,,4XL,,3 Print Areas,GILDAN_5000_LIGHT_PINK_4XL_03,0,,,continue,manual,44.00,,TRUE,TRUE,,,,,,,g,
gildan-5000-heavy-cotton-t-shirt,,,,,,,,Light Pink,,4XL,,4 Print Areas,GILDAN_5000_LIGHT_PINK_4XL_04,0,,,continue,manual,54.00,,TRUE,TRUE,,,,,,,g,
gildan-5000-heavy-cotton-t-shirt,,,,,,,,Light Pink,,5XL,,1 Print Area,GILDAN_5000_LIGHT_PINK_5XL_01,0,,,continue,manual,24.00,,TRUE,TRUE,,,,,,,g,
gildan-5000-heavy-cotton-t-shirt,,,,,,,,Light Pink,,5XL,,2 Print Areas,GILDAN_5000_LIGHT_PINK_5XL_02,0,,,continue,manual,34.00,,TRUE,TRUE,,,,,,,g,
gildan-5000-heavy-cotton-t-shirt,,,,,,,,Light Pink,,5XL,,3 Print Areas,GILDAN_5000_LIGHT_PINK_5XL_03,0,,,continue,manual,44.00,,TRUE,TRUE,,,,,,,g,
gildan-5000-heavy-cotton-t-shirt,,,,,,,,Light Pink,,5XL,,4 Print Areas,GILDAN_5000_LIGHT_PINK_5XL_04,0,,,continue,manual,54.00,,TRUE,TRUE,,,,,,,g,
gildan-5000-heavy-cotton-t-shirt,,,,,,,,Purple,,SM,,1 Print Area,GILDAN_5000_PURPLE_SM_01,0,,,continue,manual,18.00,,TRUE,TRUE,,,,,,,g,
gildan-5000-heavy-cotton-t-shirt,,,,,,,,Purple,,SM,,2 Print Areas,GILDAN_5000_PURPLE_SM_02,0,,,continue,manual,28.00,,TRUE,TRUE,,,,,,,g,
gildan-5000-heavy-cotton-t-shirt,,,,,,,,Purple,,SM,,3 Print Areas,GILDAN_5000_PURPLE_SM_03,0,,,continue,manual,38.00,,TRUE,TRUE,,,,,,,g,
gildan-5000-heavy-cotton-t-shirt,,,,,,,,Purple,,SM,,4 Print Areas,GILDAN_5000_PURPLE_SM_04,0,,,continue,manual,48.00,,TRUE,TRUE,,,,,,,g,
gildan-5000-heavy-cotton-t-shirt,,,,,,,,Purple,,MD,,1 Print Area,GILDAN_5000_PURPLE_MD_01,0,,,continue,manual,18.00,,TRUE,TRUE,,,,,,,g,
gildan-5000-heavy-cotton-t-shirt,,,,,,,,Purple,,MD,,2 Print Areas,GILDAN_5000_PURPLE_MD_02,0,,,continue,manual,28.00,,TRUE,TRUE,,,,,,,g,
gildan-5000-heavy-cotton-t-shirt,,,,,,,,Purple,,MD,,3 Print Areas,GILDAN_5000_PURPLE_MD_03,0,,,continue,manual,38.00,,TRUE,TRUE,,,,,,,g,
gildan-5000-heavy-cotton-t-shirt,,,,,,,,Purple,,MD,,4 Print Areas,GILDAN_5000_PURPLE_MD_04,0,,,continue,manual,48.00,,TRUE,TRUE,,,,,,,g,
gildan-5000-heavy-cotton-t-shirt,,,,,,,,Purple,,LG,,1 Print Area,GILDAN_5000_PURPLE_LG_01,0,,,continue,manual,18.00,,TRUE,TRUE,,,,,,,g,
gildan-5000-heavy-cotton-t-shirt,,,,,,,,Purple,,LG,,2 Print Areas,GILDAN_5000_PURPLE_LG_02,0,,,continue,manual,28.00,,TRUE,TRUE,,,,,,,g,
gildan-5000-heavy-cotton-t-shirt,,,,,,,,Purple,,LG,,3 Print Areas,GILDAN_5000_PURPLE_LG_03,0,,,continue,manual,38.00,,TRUE,TRUE,,,,,,,g,
gildan-5000-heavy-cotton-t-shirt,,,,,,,,Purple,,LG,,4 Print Areas,GILDAN_5000_PURPLE_LG_04,0,,,continue,manual,48.00,,TRUE,TRUE,,,,,,,g,
gildan-5000-heavy-cotton-t-shirt,,,,,,,,Purple,,XL,,1 Print Area,GILDAN_5000_PURPLE_XL_01,0,,,continue,manual,18.00,,TRUE,TRUE,,,,,,,g,
gildan-5000-heavy-cotton-t-shirt,,,,,,,,Purple,,XL,,2 Print Areas,GILDAN_5000_PURPLE_XL_02,0,,,continue,manual,28.00,,TRUE,TRUE,,,,,,,g,
gildan-5000-heavy-cotton-t-shirt,,,,,,,,Purple,,XL,,3 Print Areas,GILDAN_5000_PURPLE_XL_03,0,,,continue,manual,38.00,,TRUE,TRUE,,,,,,,g,
gildan-5000-heavy-cotton-t-shirt,,,,,,,,Purple,,XL,,4 Print Areas,GILDAN_5000_PURPLE_XL_04,0,,,continue,manual,48.00,,TRUE,TRUE,,,,,,,g,
gildan-5000-heavy-cotton-t-shirt,,,,,,,,Purple,,2XL,,1 Print Area,GILDAN_5000_PURPLE_2XL_01,0,,,continue,manual,22.00,,TRUE,TRUE,,,,,,,g,
gildan-5000-heavy-cotton-t-shirt,,,,,,,,Purple,,2XL,,2 Print Areas,GILDAN_5000_PURPLE_2XL_02,0,,,continue,manual,32.00,,TRUE,TRUE,,,,,,,g,
gildan-5000-heavy-cotton-t-shirt,,,,,,,,Purple,,2XL,,3 Print Areas,GILDAN_5000_PURPLE_2XL_03,0,,,continue,manual,42.00,,TRUE,TRUE,,,,,,,g,
gildan-5000-heavy-cotton-t-shirt,,,,,,,,Purple,,2XL,,4 Print Areas,GILDAN_5000_PURPLE_2XL_04,0,,,continue,manual,52.00,,TRUE,TRUE,,,,,,,g,
gildan-5000-heavy-cotton-t-shirt,,,,,,,,Purple,,3XL,,1 Print Area,GILDAN_5000_PURPLE_3XL_01,0,,,continue,manual,24.00,,TRUE,TRUE,,,,,,,g,
gildan-5000-heavy-cotton-t-shirt,,,,,,,,Purple,,3XL,,2 Print Areas,GILDAN_5000_PURPLE_3XL_02,0,,,continue,manual,34.00,,TRUE,TRUE,,,,,,,g,
gildan-5000-heavy-cotton-t-shirt,,,,,,,,Purple,,3XL,,3 Print Areas,GILDAN_5000_PURPLE_3XL_03,0,,,continue,manual,44.00,,TRUE,TRUE,,,,,,,g,
gildan-5000-heavy-cotton-t-shirt,,,,,,,,Purple,,3XL,,4 Print Areas,GILDAN_5000_PURPLE_3XL_04,0,,,continue,manual,54.00,,TRUE,TRUE,,,,,,,g,
gildan-5000-heavy-cotton-t-shirt,,,,,,,,Purple,,4XL,,1 Print Area,GILDAN_5000_PURPLE_4XL_01,0,,,continue,manual,24.00,,TRUE,TRUE,,,,,,,g,
gildan-5000-heavy-cotton-t-shirt,,,,,,,,Purple,,4XL,,2 Print Areas,GILDAN_5000_PURPLE_4XL_02,0,,,continue,manual,34.00,,TRUE,TRUE,,,,,,,g,
gildan-5000-heavy-cotton-t-shirt,,,,,,,,Purple,,4XL,,3 Print Areas,GILDAN_5000_PURPLE_4XL_03,0,,,continue,manual,44.00,,TRUE,TRUE,,,,,,,g,
gildan-5000-heavy-cotton-t-shirt,,,,,,,,Purple,,4XL,,4 Print Areas,GILDAN_5000_PURPLE_4XL_04,0,,,continue,manual,54.00,,TRUE,TRUE,,,,,,,g,
gildan-5000-heavy-cotton-t-shirt,,,,,,,,Purple,,5XL,,1 Print Area,GILDAN_5000_PURPLE_5XL_01,0,,,continue,manual,24.00,,TRUE,TRUE,,,,,,,g,
gildan-5000-heavy-cotton-t-shirt,,,,,,,,Purple,,5XL,,2 Print Areas,GILDAN_5000_PURPLE_5XL_02,0,,,continue,manual,34.00,,TRUE,TRUE,,,,,,,g,
gildan-5000-heavy-cotton-t-shirt,,,,,,,,Purple,,5XL,,3 Print Areas,GILDAN_5000_PURPLE_5XL_03,0,,,continue,manual,44.00,,TRUE,TRUE,,,,,,,g,
gildan-5000-heavy-cotton-t-shirt,,,,,,,,Purple,,5XL,,4 Print Areas,GILDAN_5000_PURPLE_5XL_04,0,,,continue,manual,54.00,,TRUE,TRUE,,,,,,,g,
gildan-5000-heavy-cotton-t-shirt,,,,,,,,Safety Orange,,SM,,1 Print Area,GILDAN_5000_SAFETY_ORANGE_SM_01,0,,,continue,manual,18.00,,TRUE,TRUE,,,,,,,g,
gildan-5000-heavy-cotton-t-shirt,,,,,,,,Safety Orange,,SM,,2 Print Areas,GILDAN_5000_SAFETY_ORANGE_SM_02,0,,,continue,manual,28.00,,TRUE,TRUE,,,,,,,g,
gildan-5000-heavy-cotton-t-shirt,,,,,,,,Safety Orange,,SM,,3 Print Areas,GILDAN_5000_SAFETY_ORANGE_SM_03,0,,,continue,manual,38.00,,TRUE,TRUE,,,,,,,g,
gildan-5000-heavy-cotton-t-shirt,,,,,,,,Safety Orange,,SM,,4 Print Areas,GILDAN_5000_SAFETY_ORANGE_SM_04,0,,,continue,manual,48.00,,TRUE,TRUE,,,,,,,g,
gildan-5000-heavy-cotton-t-shirt,,,,,,,,Safety Orange,,MD,,1 Print Area,GILDAN_5000_SAFETY_ORANGE_MD_01,0,,,continue,manual,18.00,,TRUE,TRUE,,,,,,,g,
gildan-5000-heavy-cotton-t-shirt,,,,,,,,Safety Orange,,MD,,2 Print Areas,GILDAN_5000_SAFETY_ORANGE_MD_02,0,,,continue,manual,28.00,,TRUE,TRUE,,,,,,,g,
gildan-5000-heavy-cotton-t-shirt,,,,,,,,Safety Orange,,MD,,3 Print Areas,GILDAN_5000_SAFETY_ORANGE_MD_03,0,,,continue,manual,38.00,,TRUE,TRUE,,,,,,,g,
gildan-5000-heavy-cotton-t-shirt,,,,,,,,Safety Orange,,MD,,4 Print Areas,GILDAN_5000_SAFETY_ORANGE_MD_04,0,,,continue,manual,48.00,,TRUE,TRUE,,,,,,,g,
gildan-5000-heavy-cotton-t-shirt,,,,,,,,Safety Orange,,LG,,1 Print Area,GILDAN_5000_SAFETY_ORANGE_LG_01,0,,,continue,manual,18.00,,TRUE,TRUE,,,,,,,g,
gildan-5000-heavy-cotton-t-shirt,,,,,,,,Safety Orange,,LG,,2 Print Areas,GILDAN_5000_SAFETY_ORANGE_LG_02,0,,,continue,manual,28.00,,TRUE,TRUE,,,,,,,g,
gildan-5000-heavy-cotton-t-shirt,,,,,,,,Safety Orange,,LG,,3 Print Areas,GILDAN_5000_SAFETY_ORANGE_LG_03,0,,,continue,manual,38.00,,TRUE,TRUE,,,,,,,g,
gildan-5000-heavy-cotton-t-shirt,,,,,,,,Safety Orange,,LG,,4 Print Areas,GILDAN_5000_SAFETY_ORANGE_LG_04,0,,,continue,manual,48.00,,TRUE,TRUE,,,,,,,g,
gildan-5000-heavy-cotton-t-shirt,,,,,,,,Safety Orange,,XL,,1 Print Area,GILDAN_5000_SAFETY_ORANGE_XL_01,0,,,continue,manual,18.00,,TRUE,TRUE,,,,,,,g,
gildan-5000-heavy-cotton-t-shirt,,,,,,,,Safety Orange,,XL,,2 Print Areas,GILDAN_5000_SAFETY_ORANGE_XL_02,0,,,continue,manual,28.00,,TRUE,TRUE,,,,,,,g,
gildan-5000-heavy-cotton-t-shirt,,,,,,,,Safety Orange,,XL,,3 Print Areas,GILDAN_5000_SAFETY_ORANGE_XL_03,0,,,continue,manual,38.00,,TRUE,TRUE,,,,,,,g,
gildan-5000-heavy-cotton-t-shirt,,,,,,,,Safety Orange,,XL,,4 Print Areas,GILDAN_5000_SAFETY_ORANGE_XL_04,0,,,continue,manual,48.00,,TRUE,TRUE,,,,,,,g,
gildan-5000-heavy-cotton-t-shirt,,,,,,,,Safety Orange,,2XL,,1 Print Area,GILDAN_5000_SAFETY_ORANGE_2XL_01,0,,,continue,manual,22.00,,TRUE,TRUE,,,,,,,g,
gildan-5000-heavy-cotton-t-shirt,,,,,,,,Safety Orange,,2XL,,2 Print Areas,GILDAN_5000_SAFETY_ORANGE_2XL_02,0,,,continue,manual,32.00,,TRUE,TRUE,,,,,,,g,
gildan-5000-heavy-cotton-t-shirt,,,,,,,,Safety Orange,,2XL,,3 Print Areas,GILDAN_5000_SAFETY_ORANGE_2XL_03,0,,,continue,manual,42.00,,TRUE,TRUE,,,,,,,g,
gildan-5000-heavy-cotton-t-shirt,,,,,,,,Safety Orange,,2XL,,4 Print Areas,GILDAN_5000_SAFETY_ORANGE_2XL_04,0,,,continue,manual,52.00,,TRUE,TRUE,,,,,,,g,
gildan-5000-heavy-cotton-t-shirt,,,,,,,,Safety Orange,,3XL,,1 Print Area,GILDAN_5000_SAFETY_ORANGE_3XL_01,0,,,continue,manual,24.00,,TRUE,TRUE,,,,,,,g,
gildan-5000-heavy-cotton-t-shirt,,,,,,,,Safety Orange,,3XL,,2 Print Areas,GILDAN_5000_SAFETY_ORANGE_3XL_02,0,,,continue,manual,34.00,,TRUE,TRUE,,,,,,,g,
gildan-5000-heavy-cotton-t-shirt,,,,,,,,Safety Orange,,3XL,,3 Print Areas,GILDAN_5000_SAFETY_ORANGE_3XL_03,0,,,continue,manual,44.00,,TRUE,TRUE,,,,,,,g,
gildan-5000-heavy-cotton-t-shirt,,,,,,,,Safety Orange,,3XL,,4 Print Areas,GILDAN_5000_SAFETY_ORANGE_3XL_04,0,,,continue,manual,54.00,,TRUE,TRUE,,,,,,,g,
gildan-5000-heavy-cotton-t-shirt,,,,,,,,Safety Orange,,4XL,,1 Print Area,GILDAN_5000_SAFETY_ORANGE_4XL_01,0,,,continue,manual,24.00,,TRUE,TRUE,,,,,,,g,
gildan-5000-heavy-cotton-t-shirt,,,,,,,,Safety Orange,,4XL,,2 Print Areas,GILDAN_5000_SAFETY_ORANGE_4XL_02,0,,,continue,manual,34.00,,TRUE,TRUE,,,,,,,g,
gildan-5000-heavy-cotton-t-shirt,,,,,,,,Safety Orange,,4XL,,3 Print Areas,GILDAN_5000_SAFETY_ORANGE_4XL_03,0,,,continue,manual,44.00,,TRUE,TRUE,,,,,,,g,
gildan-5000-heavy-cotton-t-shirt,,,,,,,,Safety Orange,,4XL,,4 Print Areas,GILDAN_5000_SAFETY_ORANGE_4XL_04,0,,,continue,manual,54.00,,TRUE,TRUE,,,,,,,g,
gildan-5000-heavy-cotton-t-shirt,,,,,,,,Safety Orange,,5XL,,1 Print Area,GILDAN_5000_SAFETY_ORANGE_5XL_01,0,,,continue,manual,24.00,,TRUE,TRUE,,,,,,,g,
gildan-5000-heavy-cotton-t-shirt,,,,,,,,Safety Orange,,5XL,,2 Print Areas,GILDAN_5000_SAFETY_ORANGE_5XL_02,0,,,continue,manual,34.00,,TRUE,TRUE,,,,,,,g,
gildan-5000-heavy-cotton-t-shirt,,,,,,,,Safety Orange,,5XL,,3 Print Areas,GILDAN_5000_SAFETY_ORANGE_5XL_03,0,,,continue,manual,44.00,,TRUE,TRUE,,,,,,,g,
gildan-5000-heavy-cotton-t-shirt,,,,,,,,Safety Orange,,5XL,,4 Print Areas,GILDAN_5000_SAFETY_ORANGE_5XL_04,0,,,continue,manual,54.00,,TRUE,TRUE,,,,,,,g,
gildan-5000-heavy-cotton-t-shirt,,,,,,,,Dark Chocolate,,SM,,1 Print Area,GILDAN_5000_DARK_CHOCOLATE_SM_01,0,,,continue,manual,18.00,,TRUE,TRUE,,,,,,,g,
gildan-5000-heavy-cotton-t-shirt,,,,,,,,Dark Chocolate,,SM,,2 Print Areas,GILDAN_5000_DARK_CHOCOLATE_SM_02,0,,,continue,manual,28.00,,TRUE,TRUE,,,,,,,g,
gildan-5000-heavy-cotton-t-shirt,,,,,,,,Dark Chocolate,,SM,,3 Print Areas,GILDAN_5000_DARK_CHOCOLATE_SM_03,0,,,continue,manual,38.00,,TRUE,TRUE,,,,,,,g,
gildan-5000-heavy-cotton-t-shirt,,,,,,,,Dark Chocolate,,SM,,4 Print Areas,GILDAN_5000_DARK_CHOCOLATE_SM_04,0,,,continue,manual,48.00,,TRUE,TRUE,,,,,,,g,
gildan-5000-heavy-cotton-t-shirt,,,,,,,,Dark Chocolate,,MD,,1 Print Area,GILDAN_5000_DARK_CHOCOLATE_MD_01,0,,,continue,manual,18.00,,TRUE,TRUE,,,,,,,g,
gildan-5000-heavy-cotton-t-shirt,,,,,,,,Dark Chocolate,,MD,,2 Print Areas,GILDAN_5000_DARK_CHOCOLATE_MD_02,0,,,continue,manual,28.00,,TRUE,TRUE,,,,,,,g,
gildan-5000-heavy-cotton-t-shirt,,,,,,,,Dark Chocolate,,MD,,3 Print Areas,GILDAN_5000_DARK_CHOCOLATE_MD_03,0,,,continue,manual,38.00,,TRUE,TRUE,,,,,,,g,
gildan-5000-heavy-cotton-t-shirt,,,,,,,,Dark Chocolate,,MD,,4 Print Areas,GILDAN_5000_DARK_CHOCOLATE_MD_04,0,,,continue,manual,48.00,,TRUE,TRUE,,,,,,,g,
gildan-5000-heavy-cotton-t-shirt,,,,,,,,Dark Chocolate,,LG,,1 Print Area,GILDAN_5000_DARK_CHOCOLATE_LG_01,0,,,continue,manual,18.00,,TRUE,TRUE,,,,,,,g,
gildan-5000-heavy-cotton-t-shirt,,,,,,,,Dark Chocolate,,LG,,2 Print Areas,GILDAN_5000_DARK_CHOCOLATE_LG_02,0,,,continue,manual,28.00,,TRUE,TRUE,,,,,,,g,
gildan-5000-heavy-cotton-t-shirt,,,,,,,,Dark Chocolate,,LG,,3 Print Areas,GILDAN_5000_DARK_CHOCOLATE_LG_03,0,,,continue,manual,38.00,,TRUE,TRUE,,,,,,,g,
gildan-5000-heavy-cotton-t-shirt,,,,,,,,Dark Chocolate,,LG,,4 Print Areas,GILDAN_5000_DARK_CHOCOLATE_LG_04,0,,,continue,manual,48.00,,TRUE,TRUE,,,,,,,g,
gildan-5000-heavy-cotton-t-shirt,,,,,,,,Dark Chocolate,,XL,,1 Print Area,GILDAN_5000_DARK_CHOCOLATE_XL_01,0,,,continue,manual,18.00,,TRUE,TRUE,,,,,,,g,
gildan-5000-heavy-cotton-t-shirt,,,,,,,,Dark Chocolate,,XL,,2 Print Areas,GILDAN_5000_DARK_CHOCOLATE_XL_02,0,,,continue,manual,28.00,,TRUE,TRUE,,,,,,,g,
gildan-5000-heavy-cotton-t-shirt,,,,,,,,Dark Chocolate,,XL,,3 Print Areas,GILDAN_5000_DARK_CHOCOLATE_XL_03,0,,,continue,manual,38.00,,TRUE,TRUE,,,,,,,g,
gildan-5000-heavy-cotton-t-shirt,,,,,,,,Dark Chocolate,,XL,,4 Print Areas,GILDAN_5000_DARK_CHOCOLATE_XL_04,0,,,continue,manual,48.00,,TRUE,TRUE,,,,,,,g,
gildan-5000-heavy-cotton-t-shirt,,,,,,,,Dark Chocolate,,2XL,,1 Print Area,GILDAN_5000_DARK_CHOCOLATE_2XL_01,0,,,continue,manual,22.00,,TRUE,TRUE,,,,,,,g,
gildan-5000-heavy-cotton-t-shirt,,,,,,,,Dark Chocolate,,2XL,,2 Print Areas,GILDAN_5000_DARK_CHOCOLATE_2XL_02,0,,,continue,manual,32.00,,TRUE,TRUE,,,,,,,g,
gildan-5000-heavy-cotton-t-shirt,,,,,,,,Dark Chocolate,,2XL,,3 Print Areas,GILDAN_5000_DARK_CHOCOLATE_2XL_03,0,,,continue,manual,42.00,,TRUE,TRUE,,,,,,,g,
gildan-5000-heavy-cotton-t-shirt,,,,,,,,Dark Chocolate,,2XL,,4 Print Areas,GILDAN_5000_DARK_CHOCOLATE_2XL_04,0,,,continue,manual,52.00,,TRUE,TRUE,,,,,,,g,
gildan-5000-heavy-cotton-t-shirt,,,,,,,,Dark Chocolate,,3XL,,1 Print Area,GILDAN_5000_DARK_CHOCOLATE_3XL_01,0,,,continue,manual,24.00,,TRUE,TRUE,,,,,,,g,
gildan-5000-heavy-cotton-t-shirt,,,,,,,,Dark Chocolate,,3XL,,2 Print Areas,GILDAN_5000_DARK_CHOCOLATE_3XL_02,0,,,continue,manual,34.00,,TRUE,TRUE,,,,,,,g,
gildan-5000-heavy-cotton-t-shirt,,,,,,,,Dark Chocolate,,3XL,,3 Print Areas,GILDAN_5000_DARK_CHOCOLATE_3XL_03,0,,,continue,manual,44.00,,TRUE,TRUE,,,,,,,g,
gildan-5000-heavy-cotton-t-shirt,,,,,,,,Dark Chocolate,,3XL,,4 Print Areas,GILDAN_5000_DARK_CHOCOLATE_3XL_04,0,,,continue,manual,54.00,,TRUE,TRUE,,,,,,,g,
gildan-5000-heavy-cotton-t-shirt,,,,,,,,Dark Chocolate,,4XL,,1 Print Area,GILDAN_5000_DARK_CHOCOLATE_4XL_01,0,,,continue,manual,24.00,,TRUE,TRUE,,,,,,,g,
gildan-5000-heavy-cotton-t-shirt,,,,,,,,Dark Chocolate,,4XL,,2 Print Areas,GILDAN_5000_DARK_CHOCOLATE_4XL_02,0,,,continue,manual,34.00,,TRUE,TRUE,,,,,,,g,
gildan-5000-heavy-cotton-t-shirt,,,,,,,,Dark Chocolate,,4XL,,3 Print Areas,GILDAN_5000_DARK_CHOCOLATE_4XL_03,0,,,continue,manual,44.00,,TRUE,TRUE,,,,,,,g,
gildan-5000-heavy-cotton-t-shirt,,,,,,,,Dark Chocolate,,4XL,,4 Print Areas,GILDAN_5000_DARK_CHOCOLATE_4XL_04,0,,,continue,manual,54.00,,TRUE,TRUE,,,,,,,g,
gildan-5000-heavy-cotton-t-shirt,,,,,,,,Dark Chocolate,,5XL,,1 Print Area,GILDAN_5000_DARK_CHOCOLATE_5XL_01,0,,,continue,manual,24.00,,TRUE,TRUE,,,,,,,g,
gildan-5000-heavy-cotton-t-shirt,,,,,,,,Dark Chocolate,,5XL,,2 Print Areas,GILDAN_5000_DARK_CHOCOLATE_5XL_02,0,,,continue,manual,34.00,,TRUE,TRUE,,,,,,,g,
gildan-5000-heavy-cotton-t-shirt,,,,,,,,Dark Chocolate,,5XL,,3 Print Areas,GILDAN_5000_DARK_CHOCOLATE_5XL_03,0,,,continue,manual,44.00,,TRUE,TRUE,,,,,,,g,
gildan-5000-heavy-cotton-t-shirt,,,,,,,,Dark Chocolate,,5XL,,4 Print Areas,GILDAN_5000_DARK_CHOCOLATE_5XL_04,0,,,continue,manual,54.00,,TRUE,TRUE,,,,,,,g,
gildan-5000-heavy-cotton-t-shirt,,,,,,,,Heliconia,,SM,,1 Print Area,GILDAN_5000_HELICONIA_SM_01,0,,,continue,manual,18.00,,TRUE,TRUE,,,,,,,g,
gildan-5000-heavy-cotton-t-shirt,,,,,,,,Heliconia,,SM,,2 Print Areas,GILDAN_5000_HELICONIA_SM_02,0,,,continue,manual,28.00,,TRUE,TRUE,,,,,,,g,
gildan-5000-heavy-cotton-t-shirt,,,,,,,,Heliconia,,SM,,3 Print Areas,GILDAN_5000_HELICONIA_SM_03,0,,,continue,manual,38.00,,TRUE,TRUE,,,,,,,g,
gildan-5000-heavy-cotton-t-shirt,,,,,,,,Heliconia,,SM,,4 Print Areas,GILDAN_5000_HELICONIA_SM_04,0,,,continue,manual,48.00,,TRUE,TRUE,,,,,,,g,
gildan-5000-heavy-cotton-t-shirt,,,,,,,,Heliconia,,MD,,1 Print Area,GILDAN_5000_HELICONIA_MD_01,0,,,continue,manual,18.00,,TRUE,TRUE,,,,,,,g,
gildan-5000-heavy-cotton-t-shirt,,,,,,,,Heliconia,,MD,,2 Print Areas,GILDAN_5000_HELICONIA_MD_02,0,,,continue,manual,28.00,,TRUE,TRUE,,,,,,,g,
gildan-5000-heavy-cotton-t-shirt,,,,,,,,Heliconia,,MD,,3 Print Areas,GILDAN_5000_HELICONIA_MD_03,0,,,continue,manual,38.00,,TRUE,TRUE,,,,,,,g,
gildan-5000-heavy-cotton-t-shirt,,,,,,,,Heliconia,,MD,,4 Print Areas,GILDAN_5000_HELICONIA_MD_04,0,,,continue,manual,48.00,,TRUE,TRUE,,,,,,,g,
gildan-5000-heavy-cotton-t-shirt,,,,,,,,Heliconia,,LG,,1 Print Area,GILDAN_5000_HELICONIA_LG_01,0,,,continue,manual,18.00,,TRUE,TRUE,,,,,,,g,
gildan-5000-heavy-cotton-t-shirt,,,,,,,,Heliconia,,LG,,2 Print Areas,GILDAN_5000_HELICONIA_LG_02,0,,,continue,manual,28.00,,TRUE,TRUE,,,,,,,g,
gildan-5000-heavy-cotton-t-shirt,,,,,,,,Heliconia,,LG,,3 Print Areas,GILDAN_5000_HELICONIA_LG_03,0,,,continue,manual,38.00,,TRUE,TRUE,,,,,,,g,
gildan-5000-heavy-cotton-t-shirt,,,,,,,,Heliconia,,LG,,4 Print Areas,GILDAN_5000_HELICONIA_LG_04,0,,,continue,manual,48.00,,TRUE,TRUE,,,,,,,g,
gildan-5000-heavy-cotton-t-shirt,,,,,,,,Heliconia,,XL,,1 Print Area,GILDAN_5000_HELICONIA_XL_01,0,,,continue,manual,18.00,,TRUE,TRUE,,,,,,,g,
gildan-5000-heavy-cotton-t-shirt,,,,,,,,Heliconia,,XL,,2 Print Areas,GILDAN_5000_HELICONIA_XL_02,0,,,continue,manual,28.00,,TRUE,TRUE,,,,,,,g,
gildan-5000-heavy-cotton-t-shirt,,,,,,,,Heliconia,,XL,,3 Print Areas,GILDAN_5000_HELICONIA_XL_03,0,,,continue,manual,38.00,,TRUE,TRUE,,,,,,,g,
gildan-5000-heavy-cotton-t-shirt,,,,,,,,Heliconia,,XL,,4 Print Areas,GILDAN_5000_HELICONIA_XL_04,0,,,continue,manual,48.00,,TRUE,TRUE,,,,,,,g,
gildan-5000-heavy-cotton-t-shirt,,,,,,,,Heliconia,,2XL,,1 Print Area,GILDAN_5000_HELICONIA_2XL_01,0,,,continue,manual,22.00,,TRUE,TRUE,,,,,,,g,
gildan-5000-heavy-cotton-t-shirt,,,,,,,,Heliconia,,2XL,,2 Print Areas,GILDAN_5000_HELICONIA_2XL_02,0,,,continue,manual,32.00,,TRUE,TRUE,,,,,,,g,
gildan-5000-heavy-cotton-t-shirt,,,,,,,,Heliconia,,2XL,,3 Print Areas,GILDAN_5000_HELICONIA_2XL_03,0,,,continue,manual,42.00,,TRUE,TRUE,,,,,,,g,
gildan-5000-heavy-cotton-t-shirt,,,,,,,,Heliconia,,2XL,,4 Print Areas,GILDAN_5000_HELICONIA_2XL_04,0,,,continue,manual,52.00,,TRUE,TRUE,,,,,,,g,
gildan-5000-heavy-cotton-t-shirt,,,,,,,,Heliconia,,3XL,,1 Print Area,GILDAN_5000_HELICONIA_3XL_01,0,,,continue,manual,24.00,,TRUE,TRUE,,,,,,,g,
gildan-5000-heavy-cotton-t-shirt,,,,,,,,Heliconia,,3XL,,2 Print Areas,GILDAN_5000_HELICONIA_3XL_02,0,,,continue,manual,34.00,,TRUE,TRUE,,,,,,,g,
gildan-5000-heavy-cotton-t-shirt,,,,,,,,Heliconia,,3XL,,3 Print Areas,GILDAN_5000_HELICONIA_3XL_03,0,,,continue,manual,44.00,,TRUE,TRUE,,,,,,,g,
gildan-5000-heavy-cotton-t-shirt,,,,,,,,Heliconia,,3XL,,4 Print Areas,GILDAN_5000_HELICONIA_3XL_04,0,,,continue,manual,54.00,,TRUE,TRUE,,,,,,,g,
gildan-5000-heavy-cotton-t-shirt,,,,,,,,Heliconia,,4XL,,1 Print Area,GILDAN_5000_HELICONIA_4XL_01,0,,,continue,manual,24.00,,TRUE,TRUE,,,,,,,g,
gildan-5000-heavy-cotton-t-shirt,,,,,,,,Heliconia,,4XL,,2 Print Areas,GILDAN_5000_HELICONIA_4XL_02,0,,,continue,manual,34.00,,TRUE,TRUE,,,,,,,g,
gildan-5000-heavy-cotton-t-shirt,,,,,,,,Heliconia,,4XL,,3 Print Areas,GILDAN_5000_HELICONIA_4XL_03,0,,,continue,manual,44.00,,TRUE,TRUE,,,,,,,g,
gildan-5000-heavy-cotton-t-shirt,,,,,,,,Heliconia,,4XL,,4 Print Areas,GILDAN_5000_HELICONIA_4XL_04,0,,,continue,manual,54.00,,TRUE,TRUE,,,,,,,g,
gildan-5000-heavy-cotton-t-shirt,,,,,,,,Heliconia,,5XL,,1 Print Area,GILDAN_5000_HELICONIA_5XL_01,0,,,continue,manual,24.00,,TRUE,TRUE,,,,,,,g,
gildan-5000-heavy-cotton-t-shirt,,,,,,,,Heliconia,,5XL,,2 Print Areas,GILDAN_5000_HELICONIA_5XL_02,0,,,continue,manual,34.00,,TRUE,TRUE,,,,,,,g,
gildan-5000-heavy-cotton-t-shirt,,,,,,,,Heliconia,,5XL,,3 Print Areas,GILDAN_5000_HELICONIA_5XL_03,0,,,continue,manual,44.00,,TRUE,TRUE,,,,,,,g,
gildan-5000-heavy-cotton-t-shirt,,,,,,,,Heliconia,,5XL,,4 Print Areas,GILDAN_5000_HELICONIA_5XL_04,0,,,continue,manual,54.00,,TRUE,TRUE,,,,,,,g,
gildan-5000-heavy-cotton-t-shirt,,,,,,,,Sand,,SM,,1 Print Area,GILDAN_5000_SAND_SM_01,0,,,continue,manual,18.00,,TRUE,TRUE,,,,,,,g,
gildan-5000-heavy-cotton-t-shirt,,,,,,,,Sand,,SM,,2 Print Areas,GILDAN_5000_SAND_SM_02,0,,,continue,manual,28.00,,TRUE,TRUE,,,,,,,g,
gildan-5000-heavy-cotton-t-shirt,,,,,,,,Sand,,SM,,3 Print Areas,GILDAN_5000_SAND_SM_03,0,,,continue,manual,38.00,,TRUE,TRUE,,,,,,,g,
gildan-5000-heavy-cotton-t-shirt,,,,,,,,Sand,,SM,,4 Print Areas,GILDAN_5000_SAND_SM_04,0,,,continue,manual,48.00,,TRUE,TRUE,,,,,,,g,
gildan-5000-heavy-cotton-t-shirt,,,,,,,,Sand,,MD,,1 Print Area,GILDAN_5000_SAND_MD_01,0,,,continue,manual,18.00,,TRUE,TRUE,,,,,,,g,
gildan-5000-heavy-cotton-t-shirt,,,,,,,,Sand,,MD,,2 Print Areas,GILDAN_5000_SAND_MD_02,0,,,continue,manual,28.00,,TRUE,TRUE,,,,,,,g,
gildan-5000-heavy-cotton-t-shirt,,,,,,,,Sand,,MD,,3 Print Areas,GILDAN_5000_SAND_MD_03,0,,,continue,manual,38.00,,TRUE,TRUE,,,,,,,g,
gildan-5000-heavy-cotton-t-shirt,,,,,,,,Sand,,MD,,4 Print Areas,GILDAN_5000_SAND_MD_04,0,,,continue,manual,48.00,,TRUE,TRUE,,,,,,,g,
gildan-5000-heavy-cotton-t-shirt,,,,,,,,Sand,,LG,,1 Print Area,GILDAN_5000_SAND_LG_01,0,,,continue,manual,18.00,,TRUE,TRUE,,,,,,,g,
gildan-5000-heavy-cotton-t-shirt,,,,,,,,Sand,,LG,,2 Print Areas,GILDAN_5000_SAND_LG_02,0,,,continue,manual,28.00,,TRUE,TRUE,,,,,,,g,
gildan-5000-heavy-cotton-t-shirt,,,,,,,,Sand,,LG,,3 Print Areas,GILDAN_5000_SAND_LG_03,0,,,continue,manual,38.00,,TRUE,TRUE,,,,,,,g,
gildan-5000-heavy-cotton-t-shirt,,,,,,,,Sand,,LG,,4 Print Areas,GILDAN_5000_SAND_LG_04,0,,,continue,manual,48.00,,TRUE,TRUE,,,,,,,g,
gildan-5000-heavy-cotton-t-shirt,,,,,,,,Sand,,XL,,1 Print Area,GILDAN_5000_SAND_XL_01,0,,,continue,manual,18.00,,TRUE,TRUE,,,,,,,g,
gildan-5000-heavy-cotton-t-shirt,,,,,,,,Sand,,XL,,2 Print Areas,GILDAN_5000_SAND_XL_02,0,,,continue,manual,28.00,,TRUE,TRUE,,,,,,,g,
gildan-5000-heavy-cotton-t-shirt,,,,,,,,Sand,,XL,,3 Print Areas,GILDAN_5000_SAND_XL_03,0,,,continue,manual,38.00,,TRUE,TRUE,,,,,,,g,
gildan-5000-heavy-cotton-t-shirt,,,,,,,,Sand,,XL,,4 Print Areas,GILDAN_5000_SAND_XL_04,0,,,continue,manual,48.00,,TRUE,TRUE,,,,,,,g,
gildan-5000-heavy-cotton-t-shirt,,,,,,,,Sand,,2XL,,1 Print Area,GILDAN_5000_SAND_2XL_01,0,,,continue,manual,22.00,,TRUE,TRUE,,,,,,,g,
gildan-5000-heavy-cotton-t-shirt,,,,,,,,Sand,,2XL,,2 Print Areas,GILDAN_5000_SAND_2XL_02,0,,,continue,manual,32.00,,TRUE,TRUE,,,,,,,g,
gildan-5000-heavy-cotton-t-shirt,,,,,,,,Sand,,2XL,,3 Print Areas,GILDAN_5000_SAND_2XL_03,0,,,continue,manual,42.00,,TRUE,TRUE,,,,,,,g,
gildan-5000-heavy-cotton-t-shirt,,,,,,,,Sand,,2XL,,4 Print Areas,GILDAN_5000_SAND_2XL_04,0,,,continue,manual,52.00,,TRUE,TRUE,,,,,,,g,
gildan-5000-heavy-cotton-t-shirt,,,,,,,,Sand,,3XL,,1 Print Area,GILDAN_5000_SAND_3XL_01,0,,,continue,manual,24.00,,TRUE,TRUE,,,,,,,g,
gildan-5000-heavy-cotton-t-shirt,,,,,,,,Sand,,3XL,,2 Print Areas,GILDAN_5000_SAND_3XL_02,0,,,continue,manual,34.00,,TRUE,TRUE,,,,,,,g,
gildan-5000-heavy-cotton-t-shirt,,,,,,,,Sand,,3XL,,3 Print Areas,GILDAN_5000_SAND_3XL_03,0,,,continue,manual,44.00,,TRUE,TRUE,,,,,,,g,
gildan-5000-heavy-cotton-t-shirt,,,,,,,,Sand,,3XL,,4 Print Areas,GILDAN_5000_SAND_3XL_04,0,,,continue,manual,54.00,,TRUE,TRUE,,,,,,,g,
gildan-5000-heavy-cotton-t-shirt,,,,,,,,Sand,,4XL,,1 Print Area,GILDAN_5000_SAND_4XL_01,0,,,continue,manual,24.00,,TRUE,TRUE,,,,,,,g,
gildan-5000-heavy-cotton-t-shirt,,,,,,,,Sand,,4XL,,2 Print Areas,GILDAN_5000_SAND_4XL_02,0,,,continue,manual,34.00,,TRUE,TRUE,,,,,,,g,
gildan-5000-heavy-cotton-t-shirt,,,,,,,,Sand,,4XL,,3 Print Areas,GILDAN_5000_SAND_4XL_03,0,,,continue,manual,44.00,,TRUE,TRUE,,,,,,,g,
gildan-5000-heavy-cotton-t-shirt,,,,,,,,Sand,,4XL,,4 Print Areas,GILDAN_5000_SAND_4XL_04,0,,,continue,manual,54.00,,TRUE,TRUE,,,,,,,g,
gildan-5000-heavy-cotton-t-shirt,,,,,,,,Sand,,5XL,,1 Print Area,GILDAN_5000_SAND_5XL_01,0,,,continue,manual,24.00,,TRUE,TRUE,,,,,,,g,
gildan-5000-heavy-cotton-t-shirt,,,,,,,,Sand,,5XL,,2 Print Areas,GILDAN_5000_SAND_5XL_02,0,,,continue,manual,34.00,,TRUE,TRUE,,,,,,,g,
gildan-5000-heavy-cotton-t-shirt,,,,,,,,Sand,,5XL,,3 Print Areas,GILDAN_5000_SAND_5XL_03,0,,,continue,manual,44.00,,TRUE,TRUE,,,,,,,g,
gildan-5000-heavy-cotton-t-shirt,,,,,,,,Sand,,5XL,,4 Print Areas,GILDAN_5000_SAND_5XL_04,0,,,continue,manual,54.00,,TRUE,TRUE,,,,,,,g,
gildan-5000-heavy-cotton-t-shirt,,,,,,,,Irish Green,,SM,,1 Print Area,GILDAN_5000_IRISH_GREEN_SM_01,0,,,continue,manual,18.00,,TRUE,TRUE,,,,,,,g,
gildan-5000-heavy-cotton-t-shirt,,,,,,,,Irish Green,,SM,,2 Print Areas,GILDAN_5000_IRISH_GREEN_SM_02,0,,,continue,manual,28.00,,TRUE,TRUE,,,,,,,g,
gildan-5000-heavy-cotton-t-shirt,,,,,,,,Irish Green,,SM,,3 Print Areas,GILDAN_5000_IRISH_GREEN_SM_03,0,,,continue,manual,38.00,,TRUE,TRUE,,,,,,,g,
gildan-5000-heavy-cotton-t-shirt,,,,,,,,Irish Green,,SM,,4 Print Areas,GILDAN_5000_IRISH_GREEN_SM_04,0,,,continue,manual,48.00,,TRUE,TRUE,,,,,,,g,
gildan-5000-heavy-cotton-t-shirt,,,,,,,,Irish Green,,MD,,1 Print Area,GILDAN_5000_IRISH_GREEN_MD_01,0,,,continue,manual,18.00,,TRUE,TRUE,,,,,,,g,
gildan-5000-heavy-cotton-t-shirt,,,,,,,,Irish Green,,MD,,2 Print Areas,GILDAN_5000_IRISH_GREEN_MD_02,0,,,continue,manual,28.00,,TRUE,TRUE,,,,,,,g,
gildan-5000-heavy-cotton-t-shirt,,,,,,,,Irish Green,,MD,,3 Print Areas,GILDAN_5000_IRISH_GREEN_MD_03,0,,,continue,manual,38.00,,TRUE,TRUE,,,,,,,g,
gildan-5000-heavy-cotton-t-shirt,,,,,,,,Irish Green,,MD,,4 Print Areas,GILDAN_5000_IRISH_GREEN_MD_04,0,,,continue,manual,48.00,,TRUE,TRUE,,,,,,,g,
gildan-5000-heavy-cotton-t-shirt,,,,,,,,Irish Green,,LG,,1 Print Area,GILDAN_5000_IRISH_GREEN_LG_01,0,,,continue,manual,18.00,,TRUE,TRUE,,,,,,,g,
gildan-5000-heavy-cotton-t-shirt,,,,,,,,Irish Green,,LG,,2 Print Areas,GILDAN_5000_IRISH_GREEN_LG_02,0,,,continue,manual,28.00,,TRUE,TRUE,,,,,,,g,
gildan-5000-heavy-cotton-t-shirt,,,,,,,,Irish Green,,LG,,3 Print Areas,GILDAN_5000_IRISH_GREEN_LG_03,0,,,continue,manual,38.00,,TRUE,TRUE,,,,,,,g,
gildan-5000-heavy-cotton-t-shirt,,,,,,,,Irish Green,,LG,,4 Print Areas,GILDAN_5000_IRISH_GREEN_LG_04,0,,,continue,manual,48.00,,TRUE,TRUE,,,,,,,g,
gildan-5000-heavy-cotton-t-shirt,,,,,,,,Irish Green,,XL,,1 Print Area,GILDAN_5000_IRISH_GREEN_XL_01,0,,,continue,manual,18.00,,TRUE,TRUE,,,,,,,g,
gildan-5000-heavy-cotton-t-shirt,,,,,,,,Irish Green,,XL,,2 Print Areas,GILDAN_5000_IRISH_GREEN_XL_02,0,,,continue,manual,28.00,,TRUE,TRUE,,,,,,,g,
gildan-5000-heavy-cotton-t-shirt,,,,,,,,Irish Green,,XL,,3 Print Areas,GILDAN_5000_IRISH_GREEN_XL_03,0,,,continue,manual,38.00,,TRUE,TRUE,,,,,,,g,
gildan-5000-heavy-cotton-t-shirt,,,,,,,,Irish Green,,XL,,4 Print Areas,GILDAN_5000_IRISH_GREEN_XL_04,0,,,continue,manual,48.00,,TRUE,TRUE,,,,,,,g,
gildan-5000-heavy-cotton-t-shirt,,,,,,,,Irish Green,,2XL,,1 Print Area,GILDAN_5000_IRISH_GREEN_2XL_01,0,,,continue,manual,22.00,,TRUE,TRUE,,,,,,,g,
gildan-5000-heavy-cotton-t-shirt,,,,,,,,Irish Green,,2XL,,2 Print Areas,GILDAN_5000_IRISH_GREEN_2XL_02,0,,,continue,manual,32.00,,TRUE,TRUE,,,,,,,g,
gildan-5000-heavy-cotton-t-shirt,,,,,,,,Irish Green,,2XL,,3 Print Areas,GILDAN_5000_IRISH_GREEN_2XL_03,0,,,continue,manual,42.00,,TRUE,TRUE,,,,,,,g,
gildan-5000-heavy-cotton-t-shirt,,,,,,,,Irish Green,,2XL,,4 Print Areas,GILDAN_5000_IRISH_GREEN_2XL_04,0,,,continue,manual,52.00,,TRUE,TRUE,,,,,,,g,
gildan-5000-heavy-cotton-t-shirt,,,,,,,,Irish Green,,3XL,,1 Print Area,GILDAN_5000_IRISH_GREEN_3XL_01,0,,,continue,manual,24.00,,TRUE,TRUE,,,,,,,g,
gildan-5000-heavy-cotton-t-shirt,,,,,,,,Irish Green,,3XL,,2 Print Areas,GILDAN_5000_IRISH_GREEN_3XL_02,0,,,continue,manual,34.00,,TRUE,TRUE,,,,,,,g,
gildan-5000-heavy-cotton-t-shirt,,,,,,,,Irish Green,,3XL,,3 Print Areas,GILDAN_5000_IRISH_GREEN_3XL_03,0,,,continue,manual,44.00,,TRUE,TRUE,,,,,,,g,
gildan-5000-heavy-cotton-t-shirt,,,,,,,,Irish Green,,3XL,,4 Print Areas,GILDAN_5000_IRISH_GREEN_3XL_04,0,,,continue,manual,54.00,,TRUE,TRUE,,,,,,,g,
gildan-5000-heavy-cotton-t-shirt,,,,,,,,Irish Green,,4XL,,1 Print Area,GILDAN_5000_IRISH_GREEN_4XL_01,0,,,continue,manual,24.00,,TRUE,TRUE,,,,,,,g,
gildan-5000-heavy-cotton-t-shirt,,,,,,,,Irish Green,,4XL,,2 Print Areas,GILDAN_5000_IRISH_GREEN_4XL_02,0,,,continue,manual,34.00,,TRUE,TRUE,,,,,,,g,
gildan-5000-heavy-cotton-t-shirt,,,,,,,,Irish Green,,4XL,,3 Print Areas,GILDAN_5000_IRISH_GREEN_4XL_03,0,,,continue,manual,44.00,,TRUE,TRUE,,,,,,,g,
gildan-5000-heavy-cotton-t-shirt,,,,,,,,Irish Green,,4XL,,4 Print Areas,GILDAN_5000_IRISH_GREEN_4XL_04,0,,,continue,manual,54.00,,TRUE,TRUE,,,,,,,g,
gildan-5000-heavy-cotton-t-shirt,,,,,,,,Irish Green,,5XL,,1 Print Area,GILDAN_5000_IRISH_GREEN_5XL_01,0,,,continue,manual,24.00,,TRUE,TRUE,,,,,,,g,
gildan-5000-heavy-cotton-t-shirt,,,,,,,,Irish Green,,5XL,,2 Print Areas,GILDAN_5000_IRISH_GREEN_5XL_02,0,,,continue,manual,34.00,,TRUE,TRUE,,,,,,,g,
gildan-5000-heavy-cotton-t-shirt,,,,,,,,Irish Green,,5XL,,3 Print Areas,GILDAN_5000_IRISH_GREEN_5XL_03,0,,,continue,manual,44.00,,TRUE,TRUE,,,,,,,g,
gildan-5000-heavy-cotton-t-shirt,,,,,,,,Irish Green,,5XL,,4 Print Areas,GILDAN_5000_IRISH_GREEN_5XL_04,0,,,continue,manual,54.00,,TRUE,TRUE,,,,,,,g,
gildan-5000-heavy-cotton-t-shirt,,,,,,,,Gold,,SM,,1 Print Area,GILDAN_5000_GOLD_SM_01,0,,,continue,manual,18.00,,TRUE,TRUE,,,,,,,g,
gildan-5000-heavy-cotton-t-shirt,,,,,,,,Gold,,SM,,2 Print Areas,GILDAN_5000_GOLD_SM_02,0,,,continue,manual,28.00,,TRUE,TRUE,,,,,,,g,
gildan-5000-heavy-cotton-t-shirt,,,,,,,,Gold,,SM,,3 Print Areas,GILDAN_5000_GOLD_SM_03,0,,,continue,manual,38.00,,TRUE,TRUE,,,,,,,g,
gildan-5000-heavy-cotton-t-shirt,,,,,,,,Gold,,SM,,4 Print Areas,GILDAN_5000_GOLD_SM_04,0,,,continue,manual,48.00,,TRUE,TRUE,,,,,,,g,
gildan-5000-heavy-cotton-t-shirt,,,,,,,,Gold,,MD,,1 Print Area,GILDAN_5000_GOLD_MD_01,0,,,continue,manual,18.00,,TRUE,TRUE,,,,,,,g,
gildan-5000-heavy-cotton-t-shirt,,,,,,,,Gold,,MD,,2 Print Areas,GILDAN_5000_GOLD_MD_02,0,,,continue,manual,28.00,,TRUE,TRUE,,,,,,,g,
gildan-5000-heavy-cotton-t-shirt,,,,,,,,Gold,,MD,,3 Print Areas,GILDAN_5000_GOLD_MD_03,0,,,continue,manual,38.00,,TRUE,TRUE,,,,,,,g,
gildan-5000-heavy-cotton-t-shirt,,,,,,,,Gold,,MD,,4 Print Areas,GILDAN_5000_GOLD_MD_04,0,,,continue,manual,48.00,,TRUE,TRUE,,,,,,,g,
gildan-5000-heavy-cotton-t-shirt,,,,,,,,Gold,,LG,,1 Print Area,GILDAN_5000_GOLD_LG_01,0,,,continue,manual,18.00,,TRUE,TRUE,,,,,,,g,
gildan-5000-heavy-cotton-t-shirt,,,,,,,,Gold,,LG,,2 Print Areas,GILDAN_5000_GOLD_LG_02,0,,,continue,manual,28.00,,TRUE,TRUE,,,,,,,g,
gildan-5000-heavy-cotton-t-shirt,,,,,,,,Gold,,LG,,3 Print Areas,GILDAN_5000_GOLD_LG_03,0,,,continue,manual,38.00,,TRUE,TRUE,,,,,,,g,
gildan-5000-heavy-cotton-t-shirt,,,,,,,,Gold,,LG,,4 Print Areas,GILDAN_5000_GOLD_LG_04,0,,,continue,manual,48.00,,TRUE,TRUE,,,,,,,g,
gildan-5000-heavy-cotton-t-shirt,,,,,,,,Gold,,XL,,1 Print Area,GILDAN_5000_GOLD_XL_01,0,,,continue,manual,18.00,,TRUE,TRUE,,,,,,,g,
gildan-5000-heavy-cotton-t-shirt,,,,,,,,Gold,,XL,,2 Print Areas,GILDAN_5000_GOLD_XL_02,0,,,continue,manual,28.00,,TRUE,TRUE,,,,,,,g,
gildan-5000-heavy-cotton-t-shirt,,,,,,,,Gold,,XL,,3 Print Areas,GILDAN_5000_GOLD_XL_03,0,,,continue,manual,38.00,,TRUE,TRUE,,,,,,,g,
gildan-5000-heavy-cotton-t-shirt,,,,,,,,Gold,,XL,,4 Print Areas,GILDAN_5000_GOLD_XL_04,0,,,continue,manual,48.00,,TRUE,TRUE,,,,,,,g,
gildan-5000-heavy-cotton-t-shirt,,,,,,,,Gold,,2XL,,1 Print Area,GILDAN_5000_GOLD_2XL_01,0,,,continue,manual,22.00,,TRUE,TRUE,,,,,,,g,
gildan-5000-heavy-cotton-t-shirt,,,,,,,,Gold,,2XL,,2 Print Areas,GILDAN_5000_GOLD_2XL_02,0,,,continue,manual,32.00,,TRUE,TRUE,,,,,,,g,
gildan-5000-heavy-cotton-t-shirt,,,,,,,,Gold,,2XL,,3 Print Areas,GILDAN_5000_GOLD_2XL_03,0,,,continue,manual,42.00,,TRUE,TRUE,,,,,,,g,
gildan-5000-heavy-cotton-t-shirt,,,,,,,,Gold,,2XL,,4 Print Areas,GILDAN_5000_GOLD_2XL_04,0,,,continue,manual,52.00,,TRUE,TRUE,,,,,,,g,
gildan-5000-heavy-cotton-t-shirt,,,,,,,,Gold,,3XL,,1 Print Area,GILDAN_5000_GOLD_3XL_01,0,,,continue,manual,24.00,,TRUE,TRUE,,,,,,,g,
gildan-5000-heavy-cotton-t-shirt,,,,,,,,Gold,,3XL,,2 Print Areas,GILDAN_5000_GOLD_3XL_02,0,,,continue,manual,34.00,,TRUE,TRUE,,,,,,,g,
gildan-5000-heavy-cotton-t-shirt,,,,,,,,Gold,,3XL,,3 Print Areas,GILDAN_5000_GOLD_3XL_03,0,,,continue,manual,44.00,,TRUE,TRUE,,,,,,,g,
gildan-5000-heavy-cotton-t-shirt,,,,,,,,Gold,,3XL,,4 Print Areas,GILDAN_5000_GOLD_3XL_04,0,,,continue,manual,54.00,,TRUE,TRUE,,,,,,,g,
gildan-5000-heavy-cotton-t-shirt,,,,,,,,Gold,,4XL,,1 Print Area,GILDAN_5000_GOLD_4XL_01,0,,,continue,manual,24.00,,TRUE,TRUE,,,,,,,g,
gildan-5000-heavy-cotton-t-shirt,,,,,,,,Gold,,4XL,,2 Print Areas,GILDAN_5000_GOLD_4XL_02,0,,,continue,manual,34.00,,TRUE,TRUE,,,,,,,g,
gildan-5000-heavy-cotton-t-shirt,,,,,,,,Gold,,4XL,,3 Print Areas,GILDAN_5000_GOLD_4XL_03,0,,,continue,manual,44.00,,TRUE,TRUE,,,,,,,g,
gildan-5000-heavy-cotton-t-shirt,,,,,,,,Gold,,4XL,,4 Print Areas,GILDAN_5000_GOLD_4XL_04,0,,,continue,manual,54.00,,TRUE,TRUE,,,,,,,g,
gildan-5000-heavy-cotton-t-shirt,,,,,,,,Gold,,5XL,,1 Print Area,GILDAN_5000_GOLD_5XL_01,0,,,continue,manual,24.00,,TRUE,TRUE,,,,,,,g,
gildan-5000-heavy-cotton-t-shirt,,,,,,,,Gold,,5XL,,2 Print Areas,GILDAN_5000_GOLD_5XL_02,0,,,continue,manual,34.00,,TRUE,TRUE,,,,,,,g,
gildan-5000-heavy-cotton-t-shirt,,,,,,,,Gold,,5XL,,3 Print Areas,GILDAN_5000_GOLD_5XL_03,0,,,continue,manual,44.00,,TRUE,TRUE,,,,,,,g,
gildan-5000-heavy-cotton-t-shirt,,,,,,,,Gold,,5XL,,4 Print Areas,GILDAN_5000_GOLD_5XL_04,0,,,continue,manual,54.00,,TRUE,TRUE,,,,,,,g,
gildan-5000-heavy-cotton-t-shirt,,,,,,,,Graphite Heather,,SM,,1 Print Area,GILDAN_5000_GRAPHITE_HEATHER_SM_01,0,,,continue,manual,18.00,,TRUE,TRUE,,,,,,,g,
gildan-5000-heavy-cotton-t-shirt,,,,,,,,Graphite Heather,,SM,,2 Print Areas,GILDAN_5000_GRAPHITE_HEATHER_SM_02,0,,,continue,manual,28.00,,TRUE,TRUE,,,,,,,g,
gildan-5000-heavy-cotton-t-shirt,,,,,,,,Graphite Heather,,SM,,3 Print Areas,GILDAN_5000_GRAPHITE_HEATHER_SM_03,0,,,continue,manual,38.00,,TRUE,TRUE,,,,,,,g,
gildan-5000-heavy-cotton-t-shirt,,,,,,,,Graphite Heather,,SM,,4 Print Areas,GILDAN_5000_GRAPHITE_HEATHER_SM_04,0,,,continue,manual,48.00,,TRUE,TRUE,,,,,,,g,
gildan-5000-heavy-cotton-t-shirt,,,,,,,,Graphite Heather,,MD,,1 Print Area,GILDAN_5000_GRAPHITE_HEATHER_MD_01,0,,,continue,manual,18.00,,TRUE,TRUE,,,,,,,g,
gildan-5000-heavy-cotton-t-shirt,,,,,,,,Graphite Heather,,MD,,2 Print Areas,GILDAN_5000_GRAPHITE_HEATHER_MD_02,0,,,continue,manual,28.00,,TRUE,TRUE,,,,,,,g,
gildan-5000-heavy-cotton-t-shirt,,,,,,,,Graphite Heather,,MD,,3 Print Areas,GILDAN_5000_GRAPHITE_HEATHER_MD_03,0,,,continue,manual,38.00,,TRUE,TRUE,,,,,,,g,
gildan-5000-heavy-cotton-t-shirt,,,,,,,,Graphite Heather,,MD,,4 Print Areas,GILDAN_5000_GRAPHITE_HEATHER_MD_04,0,,,continue,manual,48.00,,TRUE,TRUE,,,,,,,g,
gildan-5000-heavy-cotton-t-shirt,,,,,,,,Graphite Heather,,LG,,1 Print Area,GILDAN_5000_GRAPHITE_HEATHER_LG_01,0,,,continue,manual,18.00,,TRUE,TRUE,,,,,,,g,
gildan-5000-heavy-cotton-t-shirt,,,,,,,,Graphite Heather,,LG,,2 Print Areas,GILDAN_5000_GRAPHITE_HEATHER_LG_02,0,,,continue,manual,28.00,,TRUE,TRUE,,,,,,,g,
gildan-5000-heavy-cotton-t-shirt,,,,,,,,Graphite Heather,,LG,,3 Print Areas,GILDAN_5000_GRAPHITE_HEATHER_LG_03,0,,,continue,manual,38.00,,TRUE,TRUE,,,,,,,g,
gildan-5000-heavy-cotton-t-shirt,,,,,,,,Graphite Heather,,LG,,4 Print Areas,GILDAN_5000_GRAPHITE_HEATHER_LG_04,0,,,continue,manual,48.00,,TRUE,TRUE,,,,,,,g,
gildan-5000-heavy-cotton-t-shirt,,,,,,,,Graphite Heather,,XL,,1 Print Area,GILDAN_5000_GRAPHITE_HEATHER_XL_01,0,,,continue,manual,18.00,,TRUE,TRUE,,,,,,,g,
gildan-5000-heavy-cotton-t-shirt,,,,,,,,Graphite Heather,,XL,,2 Print Areas,GILDAN_5000_GRAPHITE_HEATHER_XL_02,0,,,continue,manual,28.00,,TRUE,TRUE,,,,,,,g,
gildan-5000-heavy-cotton-t-shirt,,,,,,,,Graphite Heather,,XL,,3 Print Areas,GILDAN_5000_GRAPHITE_HEATHER_XL_03,0,,,continue,manual,38.00,,TRUE,TRUE,,,,,,,g,
gildan-5000-heavy-cotton-t-shirt,,,,,,,,Graphite Heather,,XL,,4 Print Areas,GILDAN_5000_GRAPHITE_HEATHER_XL_04,0,,,continue,manual,48.00,,TRUE,TRUE,,,,,,,g,
gildan-5000-heavy-cotton-t-shirt,,,,,,,,Graphite Heather,,2XL,,1 Print Area,GILDAN_5000_GRAPHITE_HEATHER_2XL_01,0,,,continue,manual,22.00,,TRUE,TRUE,,,,,,,g,
gildan-5000-heavy-cotton-t-shirt,,,,,,,,Graphite Heather,,2XL,,2 Print Areas,GILDAN_5000_GRAPHITE_HEATHER_2XL_02,0,,,continue,manual,32.00,,TRUE,TRUE,,,,,,,g,
gildan-5000-heavy-cotton-t-shirt,,,,,,,,Graphite Heather,,2XL,,3 Print Areas,GILDAN_5000_GRAPHITE_HEATHER_2XL_03,0,,,continue,manual,42.00,,TRUE,TRUE,,,,,,,g,
gildan-5000-heavy-cotton-t-shirt,,,,,,,,Graphite Heather,,2XL,,4 Print Areas,GILDAN_5000_GRAPHITE_HEATHER_2XL_04,0,,,continue,manual,52.00,,TRUE,TRUE,,,,,,,g,
gildan-5000-heavy-cotton-t-shirt,,,,,,,,Graphite Heather,,3XL,,1 Print Area,GILDAN_5000_GRAPHITE_HEATHER_3XL_01,0,,,continue,manual,24.00,,TRUE,TRUE,,,,,,,g,
gildan-5000-heavy-cotton-t-shirt,,,,,,,,Graphite Heather,,3XL,,2 Print Areas,GILDAN_5000_GRAPHITE_HEATHER_3XL_02,0,,,continue,manual,34.00,,TRUE,TRUE,,,,,,,g,
gildan-5000-heavy-cotton-t-shirt,,,,,,,,Graphite Heather,,3XL,,3 Print Areas,GILDAN_5000_GRAPHITE_HEATHER_3XL_03,0,,,continue,manual,44.00,,TRUE,TRUE,,,,,,,g,
gildan-5000-heavy-cotton-t-shirt,,,,,,,,Graphite Heather,,3XL,,4 Print Areas,GILDAN_5000_GRAPHITE_HEATHER_3XL_04,0,,,continue,manual,54.00,,TRUE,TRUE,,,,,,,g,
gildan-5000-heavy-cotton-t-shirt,,,,,,,,Graphite Heather,,4XL,,1 Print Area,GILDAN_5000_GRAPHITE_HEATHER_4XL_01,0,,,continue,manual,24.00,,TRUE,TRUE,,,,,,,g,
gildan-5000-heavy-cotton-t-shirt,,,,,,,,Graphite Heather,,4XL,,2 Print Areas,GILDAN_5000_GRAPHITE_HEATHER_4XL_02,0,,,continue,manual,34.00,,TRUE,TRUE,,,,,,,g,
gildan-5000-heavy-cotton-t-shirt,,,,,,,,Graphite Heather,,4XL,,3 Print Areas,GILDAN_5000_GRAPHITE_HEATHER_4XL_03,0,,,continue,manual,44.00,,TRUE,TRUE,,,,,,,g,
gildan-5000-heavy-cotton-t-shirt,,,,,,,,Graphite Heather,,4XL,,4 Print Areas,GILDAN_5000_GRAPHITE_HEATHER_4XL_04,0,,,continue,manual,54.00,,TRUE,TRUE,,,,,,,g,
gildan-5000-heavy-cotton-t-shirt,,,,,,,,Graphite Heather,,5XL,,1 Print Area,GILDAN_5000_GRAPHITE_HEATHER_5XL_01,0,,,continue,manual,24.00,,TRUE,TRUE,,,,,,,g,
gildan-5000-heavy-cotton-t-shirt,,,,,,,,Graphite Heather,,5XL,,2 Print Areas,GILDAN_5000_GRAPHITE_HEATHER_5XL_02,0,,,continue,manual,34.00,,TRUE,TRUE,,,,,,,g,
gildan-5000-heavy-cotton-t-shirt,,,,,,,,Graphite Heather,,5XL,,3 Print Areas,GILDAN_5000_GRAPHITE_HEATHER_5XL_03,0,,,continue,manual,44.00,,TRUE,TRUE,,,,,,,g,
gildan-5000-heavy-cotton-t-shirt,,,,,,,,Graphite Heather,,5XL,,4 Print Areas,GILDAN_5000_GRAPHITE_HEATHER_5XL_04,0,,,continue,manual,54.00,,TRUE,TRUE,,,,,,,g,
gildan-5000-heavy-cotton-t-shirt,,,,,,,,Violet,,SM,,1 Print Area,GILDAN_5000_VIOLET_SM_01,0,,,continue,manual,18.00,,TRUE,TRUE,,,,,,,g,
gildan-5000-heavy-cotton-t-shirt,,,,,,,,Violet,,SM,,2 Print Areas,GILDAN_5000_VIOLET_SM_02,0,,,continue,manual,28.00,,TRUE,TRUE,,,,,,,g,
gildan-5000-heavy-cotton-t-shirt,,,,,,,,Violet,,SM,,3 Print Areas,GILDAN_5000_VIOLET_SM_03,0,,,continue,manual,38.00,,TRUE,TRUE,,,,,,,g,
gildan-5000-heavy-cotton-t-shirt,,,,,,,,Violet,,SM,,4 Print Areas,GILDAN_5000_VIOLET_SM_04,0,,,continue,manual,48.00,,TRUE,TRUE,,,,,,,g,
gildan-5000-heavy-cotton-t-shirt,,,,,,,,Violet,,MD,,1 Print Area,GILDAN_5000_VIOLET_MD_01,0,,,continue,manual,18.00,,TRUE,TRUE,,,,,,,g,
gildan-5000-heavy-cotton-t-shirt,,,,,,,,Violet,,MD,,2 Print Areas,GILDAN_5000_VIOLET_MD_02,0,,,continue,manual,28.00,,TRUE,TRUE,,,,,,,g,
gildan-5000-heavy-cotton-t-shirt,,,,,,,,Violet,,MD,,3 Print Areas,GILDAN_5000_VIOLET_MD_03,0,,,continue,manual,38.00,,TRUE,TRUE,,,,,,,g,
gildan-5000-heavy-cotton-t-shirt,,,,,,,,Violet,,MD,,4 Print Areas,GILDAN_5000_VIOLET_MD_04,0,,,continue,manual,48.00,,TRUE,TRUE,,,,,,,g,
gildan-5000-heavy-cotton-t-shirt,,,,,,,,Violet,,LG,,1 Print Area,GILDAN_5000_VIOLET_LG_01,0,,,continue,manual,18.00,,TRUE,TRUE,,,,,,,g,
gildan-5000-heavy-cotton-t-shirt,,,,,,,,Violet,,LG,,2 Print Areas,GILDAN_5000_VIOLET_LG_02,0,,,continue,manual,28.00,,TRUE,TRUE,,,,,,,g,
gildan-5000-heavy-cotton-t-shirt,,,,,,,,Violet,,LG,,3 Print Areas,GILDAN_5000_VIOLET_LG_03,0,,,continue,manual,38.00,,TRUE,TRUE,,,,,,,g,
gildan-5000-heavy-cotton-t-shirt,,,,,,,,Violet,,LG,,4 Print Areas,GILDAN_5000_VIOLET_LG_04,0,,,continue,manual,48.00,,TRUE,TRUE,,,,,,,g,
gildan-5000-heavy-cotton-t-shirt,,,,,,,,Violet,,XL,,1 Print Area,GILDAN_5000_VIOLET_XL_01,0,,,continue,manual,18.00,,TRUE,TRUE,,,,,,,g,
gildan-5000-heavy-cotton-t-shirt,,,,,,,,Violet,,XL,,2 Print Areas,GILDAN_5000_VIOLET_XL_02,0,,,continue,manual,28.00,,TRUE,TRUE,,,,,,,g,
gildan-5000-heavy-cotton-t-shirt,,,,,,,,Violet,,XL,,3 Print Areas,GILDAN_5000_VIOLET_XL_03,0,,,continue,manual,38.00,,TRUE,TRUE,,,,,,,g,
gildan-5000-heavy-cotton-t-shirt,,,,,,,,Violet,,XL,,4 Print Areas,GILDAN_5000_VIOLET_XL_04,0,,,continue,manual,48.00,,TRUE,TRUE,,,,,,,g,
gildan-5000-heavy-cotton-t-shirt,,,,,,,,Violet,,2XL,,1 Print Area,GILDAN_5000_VIOLET_2XL_01,0,,,continue,manual,22.00,,TRUE,TRUE,,,,,,,g,
gildan-5000-heavy-cotton-t-shirt,,,,,,,,Violet,,2XL,,2 Print Areas,GILDAN_5000_VIOLET_2XL_02,0,,,continue,manual,32.00,,TRUE,TRUE,,,,,,,g,
gildan-5000-heavy-cotton-t-shirt,,,,,,,,Violet,,2XL,,3 Print Areas,GILDAN_5000_VIOLET_2XL_03,0,,,continue,manual,42.00,,TRUE,TRUE,,,,,,,g,
gildan-5000-heavy-cotton-t-shirt,,,,,,,,Violet,,2XL,,4 Print Areas,GILDAN_5000_VIOLET_2XL_04,0,,,continue,manual,52.00,,TRUE,TRUE,,,,,,,g,
gildan-5000-heavy-cotton-t-shirt,,,,,,,,Violet,,3XL,,1 Print Area,GILDAN_5000_VIOLET_3XL_01,0,,,continue,manual,24.00,,TRUE,TRUE,,,,,,,g,
gildan-5000-heavy-cotton-t-shirt,,,,,,,,Violet,,3XL,,2 Print Areas,GILDAN_5000_VIOLET_3XL_02,0,,,continue,manual,34.00,,TRUE,TRUE,,,,,,,g,
gildan-5000-heavy-cotton-t-shirt,,,,,,,,Violet,,3XL,,3 Print Areas,GILDAN_5000_VIOLET_3XL_03,0,,,continue,manual,44.00,,TRUE,TRUE,,,,,,,g,
gildan-5000-heavy-cotton-t-shirt,,,,,,,,Violet,,3XL,,4 Print Areas,GILDAN_5000_VIOLET_3XL_04,0,,,continue,manual,54.00,,TRUE,TRUE,,,,,,,g,
gildan-5000-heavy-cotton-t-shirt,,,,,,,,Violet,,4XL,,1 Print Area,GILDAN_5000_VIOLET_4XL_01,0,,,continue,manual,24.00,,TRUE,TRUE,,,,,,,g,
gildan-5000-heavy-cotton-t-shirt,,,,,,,,Violet,,4XL,,2 Print Areas,GILDAN_5000_VIOLET_4XL_02,0,,,continue,manual,34.00,,TRUE,TRUE,,,,,,,g,
gildan-5000-heavy-cotton-t-shirt,,,,,,,,Violet,,4XL,,3 Print Areas,GILDAN_5000_VIOLET_4XL_03,0,,,continue,manual,44.00,,TRUE,TRUE,,,,,,,g,
gildan-5000-heavy-cotton-t-shirt,,,,,,,,Violet,,4XL,,4 Print Areas,GILDAN_5000_VIOLET_4XL_04,0,,,continue,manual,54.00,,TRUE,TRUE,,,,,,,g,
gildan-5000-heavy-cotton-t-shirt,,,,,,,,Violet,,5XL,,1 Print Area,GILDAN_5000_VIOLET_5XL_01,0,,,continue,manual,24.00,,TRUE,TRUE,,,,,,,g,
gildan-5000-heavy-cotton-t-shirt,,,,,,,,Violet,,5XL,,2 Print Areas,GILDAN_5000_VIOLET_5XL_02,0,,,continue,manual,34.00,,TRUE,TRUE,,,,,,,g,
gildan-5000-heavy-cotton-t-shirt,,,,,,,,Violet,,5XL,,3 Print Areas,GILDAN_5000_VIOLET_5XL_03,0,,,continue,manual,44.00,,TRUE,TRUE,,,,,,,g,
gildan-5000-heavy-cotton-t-shirt,,,,,,,,Violet,,5XL,,4 Print Areas,GILDAN_5000_VIOLET_5XL_04,0,,,continue,manual,54.00,,TRUE,TRUE,,,,,,,g,
gildan-5000-heavy-cotton-t-shirt,,,,,,,,Yellow Haze,,SM,,1 Print Area,GILDAN_5000_YELLOW_HAZE_SM_01,0,,,continue,manual,18.00,,TRUE,TRUE,,,,,,,g,
gildan-5000-heavy-cotton-t-shirt,,,,,,,,Yellow Haze,,SM,,2 Print Areas,GILDAN_5000_YELLOW_HAZE_SM_02,0,,,continue,manual,28.00,,TRUE,TRUE,,,,,,,g,
gildan-5000-heavy-cotton-t-shirt,,,,,,,,Yellow Haze,,SM,,3 Print Areas,GILDAN_5000_YELLOW_HAZE_SM_03,0,,,continue,manual,38.00,,TRUE,TRUE,,,,,,,g,
gildan-5000-heavy-cotton-t-shirt,,,,,,,,Yellow Haze,,SM,,4 Print Areas,GILDAN_5000_YELLOW_HAZE_SM_04,0,,,continue,manual,48.00,,TRUE,TRUE,,,,,,,g,
gildan-5000-heavy-cotton-t-shirt,,,,,,,,Yellow Haze,,MD,,1 Print Area,GILDAN_5000_YELLOW_HAZE_MD_01,0,,,continue,manual,18.00,,TRUE,TRUE,,,,,,,g,
gildan-5000-heavy-cotton-t-shirt,,,,,,,,Yellow Haze,,MD,,2 Print Areas,GILDAN_5000_YELLOW_HAZE_MD_02,0,,,continue,manual,28.00,,TRUE,TRUE,,,,,,,g,
gildan-5000-heavy-cotton-t-shirt,,,,,,,,Yellow Haze,,MD,,3 Print Areas,GILDAN_5000_YELLOW_HAZE_MD_03,0,,,continue,manual,38.00,,TRUE,TRUE,,,,,,,g,
gildan-5000-heavy-cotton-t-shirt,,,,,,,,Yellow Haze,,MD,,4 Print Areas,GILDAN_5000_YELLOW_HAZE_MD_04,0,,,continue,manual,48.00,,TRUE,TRUE,,,,,,,g,
gildan-5000-heavy-cotton-t-shirt,,,,,,,,Yellow Haze,,LG,,1 Print Area,GILDAN_5000_YELLOW_HAZE_LG_01,0,,,continue,manual,18.00,,TRUE,TRUE,,,,,,,g,
gildan-5000-heavy-cotton-t-shirt,,,,,,,,Yellow Haze,,LG,,2 Print Areas,GILDAN_5000_YELLOW_HAZE_LG_02,0,,,continue,manual,28.00,,TRUE,TRUE,,,,,,,g,
gildan-5000-heavy-cotton-t-shirt,,,,,,,,Yellow Haze,,LG,,3 Print Areas,GILDAN_5000_YELLOW_HAZE_LG_03,0,,,continue,manual,38.00,,TRUE,TRUE,,,,,,,g,
gildan-5000-heavy-cotton-t-shirt,,,,,,,,Yellow Haze,,LG,,4 Print Areas,GILDAN_5000_YELLOW_HAZE_LG_04,0,,,continue,manual,48.00,,TRUE,TRUE,,,,,,,g,
gildan-5000-heavy-cotton-t-shirt,,,,,,,,Yellow Haze,,XL,,1 Print Area,GILDAN_5000_YELLOW_HAZE_XL_01,0,,,continue,manual,18.00,,TRUE,TRUE,,,,,,,g,
gildan-5000-heavy-cotton-t-shirt,,,,,,,,Yellow Haze,,XL,,2 Print Areas,GILDAN_5000_YELLOW_HAZE_XL_02,0,,,continue,manual,28.00,,TRUE,TRUE,,,,,,,g,
gildan-5000-heavy-cotton-t-shirt,,,,,,,,Yellow Haze,,XL,,3 Print Areas,GILDAN_5000_YELLOW_HAZE_XL_03,0,,,continue,manual,38.00,,TRUE,TRUE,,,,,,,g,
gildan-5000-heavy-cotton-t-shirt,,,,,,,,Yellow Haze,,XL,,4 Print Areas,GILDAN_5000_YELLOW_HAZE_XL_04,0,,,continue,manual,48.00,,TRUE,TRUE,,,,,,,g,
gildan-5000-heavy-cotton-t-shirt,,,,,,,,Yellow Haze,,2XL,,1 Print Area,GILDAN_5000_YELLOW_HAZE_2XL_01,0,,,continue,manual,22.00,,TRUE,TRUE,,,,,,,g,
gildan-5000-heavy-cotton-t-shirt,,,,,,,,Yellow Haze,,2XL,,2 Print Areas,GILDAN_5000_YELLOW_HAZE_2XL_02,0,,,continue,manual,32.00,,TRUE,TRUE,,,,,,,g,
gildan-5000-heavy-cotton-t-shirt,,,,,,,,Yellow Haze,,2XL,,3 Print Areas,GILDAN_5000_YELLOW_HAZE_2XL_03,0,,,continue,manual,42.00,,TRUE,TRUE,,,,,,,g,
gildan-5000-heavy-cotton-t-shirt,,,,,,,,Yellow Haze,,2XL,,4 Print Areas,GILDAN_5000_YELLOW_HAZE_2XL_04,0,,,continue,manual,52.00,,TRUE,TRUE,,,,,,,g,
gildan-5000-heavy-cotton-t-shirt,,,,,,,,Yellow Haze,,3XL,,1 Print Area,GILDAN_5000_YELLOW_HAZE_3XL_01,0,,,continue,manual,24.00,,TRUE,TRUE,,,,,,,g,
gildan-5000-heavy-cotton-t-shirt,,,,,,,,Yellow Haze,,3XL,,2 Print Areas,GILDAN_5000_YELLOW_HAZE_3XL_02,0,,,continue,manual,34.00,,TRUE,TRUE,,,,,,,g,
gildan-5000-heavy-cotton-t-shirt,,,,,,,,Yellow Haze,,3XL,,3 Print Areas,GILDAN_5000_YELLOW_HAZE_3XL_03,0,,,continue,manual,44.00,,TRUE,TRUE,,,,,,,g,
gildan-5000-heavy-cotton-t-shirt,,,,,,,,Yellow Haze,,3XL,,4 Print Areas,GILDAN_5000_YELLOW_HAZE_3XL_04,0,,,continue,manual,54.00,,TRUE,TRUE,,,,,,,g,
gildan-5000-heavy-cotton-t-shirt,,,,,,,,Yellow Haze,,4XL,,1 Print Area,GILDAN_5000_YELLOW_HAZE_4XL_01,0,,,continue,manual,24.00,,TRUE,TRUE,,,,,,,g,
gildan-5000-heavy-cotton-t-shirt,,,,,,,,Yellow Haze,,4XL,,2 Print Areas,GILDAN_5000_YELLOW_HAZE_4XL_02,0,,,continue,manual,34.00,,TRUE,TRUE,,,,,,,g,
gildan-5000-heavy-cotton-t-shirt,,,,,,,,Yellow Haze,,4XL,,3 Print Areas,GILDAN_5000_YELLOW_HAZE_4XL_03,0,,,continue,manual,44.00,,TRUE,TRUE,,,,,,,g,
gildan-5000-heavy-cotton-t-shirt,,,,,,,,Yellow Haze,,4XL,,4 Print Areas,GILDAN_5000_YELLOW_HAZE_4XL_04,0,,,continue,manual,54.00,,TRUE,TRUE,,,,,,,g,
gildan-5000-heavy-cotton-t-shirt,,,,,,,,Yellow Haze,,5XL,,1 Print Area,GILDAN_5000_YELLOW_HAZE_5XL_01,0,,,continue,manual,24.00,,TRUE,TRUE,,,,,,,g,
gildan-5000-heavy-cotton-t-shirt,,,,,,,,Yellow Haze,,5XL,,2 Print Areas,GILDAN_5000_YELLOW_HAZE_5XL_02,0,,,continue,manual,34.00,,TRUE,TRUE,,,,,,,g,
gildan-5000-heavy-cotton-t-shirt,,,,,,,,Yellow Haze,,5XL,,3 Print Areas,GILDAN_5000_YELLOW_HAZE_5XL_03,0,,,continue,manual,44.00,,TRUE,TRUE,,,,,,,g,
gildan-5000-heavy-cotton-t-shirt,,,,,,,,Yellow Haze,,5XL,,4 Print Areas,GILDAN_5000_YELLOW_HAZE_5XL_04,0,,,continue,manual,54.00,,TRUE,TRUE,,,,,,,g,
gildan-5000-heavy-cotton-t-shirt,,,,,,,,Azalea,,SM,,1 Print Area,GILDAN_5000_AZALEA_SM_01,0,,,continue,manual,18.00,,TRUE,TRUE,,,,,,,g,
gildan-5000-heavy-cotton-t-shirt,,,,,,,,Azalea,,SM,,2 Print Areas,GILDAN_5000_AZALEA_SM_02,0,,,continue,manual,28.00,,TRUE,TRUE,,,,,,,g,
gildan-5000-heavy-cotton-t-shirt,,,,,,,,Azalea,,SM,,3 Print Areas,GILDAN_5000_AZALEA_SM_03,0,,,continue,manual,38.00,,TRUE,TRUE,,,,,,,g,
gildan-5000-heavy-cotton-t-shirt,,,,,,,,Azalea,,SM,,4 Print Areas,GILDAN_5000_AZALEA_SM_04,0,,,continue,manual,48.00,,TRUE,TRUE,,,,,,,g,
gildan-5000-heavy-cotton-t-shirt,,,,,,,,Azalea,,MD,,1 Print Area,GILDAN_5000_AZALEA_MD_01,0,,,continue,manual,18.00,,TRUE,TRUE,,,,,,,g,
gildan-5000-heavy-cotton-t-shirt,,,,,,,,Azalea,,MD,,2 Print Areas,GILDAN_5000_AZALEA_MD_02,0,,,continue,manual,28.00,,TRUE,TRUE,,,,,,,g,
gildan-5000-heavy-cotton-t-shirt,,,,,,,,Azalea,,MD,,3 Print Areas,GILDAN_5000_AZALEA_MD_03,0,,,continue,manual,38.00,,TRUE,TRUE,,,,,,,g,
gildan-5000-heavy-cotton-t-shirt,,,,,,,,Azalea,,MD,,4 Print Areas,GILDAN_5000_AZALEA_MD_04,0,,,continue,manual,48.00,,TRUE,TRUE,,,,,,,g,
gildan-5000-heavy-cotton-t-shirt,,,,,,,,Azalea,,LG,,1 Print Area,GILDAN_5000_AZALEA_LG_01,0,,,continue,manual,18.00,,TRUE,TRUE,,,,,,,g,
gildan-5000-heavy-cotton-t-shirt,,,,,,,,Azalea,,LG,,2 Print Areas,GILDAN_5000_AZALEA_LG_02,0,,,continue,manual,28.00,,TRUE,TRUE,,,,,,,g,
gildan-5000-heavy-cotton-t-shirt,,,,,,,,Azalea,,LG,,3 Print Areas,GILDAN_5000_AZALEA_LG_03,0,,,continue,manual,38.00,,TRUE,TRUE,,,,,,,g,
gildan-5000-heavy-cotton-t-shirt,,,,,,,,Azalea,,LG,,4 Print Areas,GILDAN_5000_AZALEA_LG_04,0,,,continue,manual,48.00,,TRUE,TRUE,,,,,,,g,
gildan-5000-heavy-cotton-t-shirt,,,,,,,,Azalea,,XL,,1 Print Area,GILDAN_5000_AZALEA_XL_01,0,,,continue,manual,18.00,,TRUE,TRUE,,,,,,,g,
gildan-5000-heavy-cotton-t-shirt,,,,,,,,Azalea,,XL,,2 Print Areas,GILDAN_5000_AZALEA_XL_02,0,,,continue,manual,28.00,,TRUE,TRUE,,,,,,,g,
gildan-5000-heavy-cotton-t-shirt,,,,,,,,Azalea,,XL,,3 Print Areas,GILDAN_5000_AZALEA_XL_03,0,,,continue,manual,38.00,,TRUE,TRUE,,,,,,,g,
gildan-5000-heavy-cotton-t-shirt,,,,,,,,Azalea,,XL,,4 Print Areas,GILDAN_5000_AZALEA_XL_04,0,,,continue,manual,48.00,,TRUE,TRUE,,,,,,,g,
gildan-5000-heavy-cotton-t-shirt,,,,,,,,Azalea,,2XL,,1 Print Area,GILDAN_5000_AZALEA_2XL_01,0,,,continue,manual,22.00,,TRUE,TRUE,,,,,,,g,
gildan-5000-heavy-cotton-t-shirt,,,,,,,,Azalea,,2XL,,2 Print Areas,GILDAN_5000_AZALEA_2XL_02,0,,,continue,manual,32.00,,TRUE,TRUE,,,,,,,g,
gildan-5000-heavy-cotton-t-shirt,,,,,,,,Azalea,,2XL,,3 Print Areas,GILDAN_5000_AZALEA_2XL_03,0,,,continue,manual,42.00,,TRUE,TRUE,,,,,,,g,
gildan-5000-heavy-cotton-t-shirt,,,,,,,,Azalea,,2XL,,4 Print Areas,GILDAN_5000_AZALEA_2XL_04,0,,,continue,manual,52.00,,TRUE,TRUE,,,,,,,g,
gildan-5000-heavy-cotton-t-shirt,,,,,,,,Azalea,,3XL,,1 Print Area,GILDAN_5000_AZALEA_3XL_01,0,,,continue,manual,24.00,,TRUE,TRUE,,,,,,,g,
gildan-5000-heavy-cotton-t-shirt,,,,,,,,Azalea,,3XL,,2 Print Areas,GILDAN_5000_AZALEA_3XL_02,0,,,continue,manual,34.00,,TRUE,TRUE,,,,,,,g,
gildan-5000-heavy-cotton-t-shirt,,,,,,,,Azalea,,3XL,,3 Print Areas,GILDAN_5000_AZALEA_3XL_03,0,,,continue,manual,44.00,,TRUE,TRUE,,,,,,,g,
gildan-5000-heavy-cotton-t-shirt,,,,,,,,Azalea,,3XL,,4 Print Areas,GILDAN_5000_AZALEA_3XL_04,0,,,continue,manual,54.00,,TRUE,TRUE,,,,,,,g,
gildan-5000-heavy-cotton-t-shirt,,,,,,,,Azalea,,4XL,,1 Print Area,GILDAN_5000_AZALEA_4XL_01,0,,,continue,manual,24.00,,TRUE,TRUE,,,,,,,g,
gildan-5000-heavy-cotton-t-shirt,,,,,,,,Azalea,,4XL,,2 Print Areas,GILDAN_5000_AZALEA_4XL_02,0,,,continue,manual,34.00,,TRUE,TRUE,,,,,,,g,
gildan-5000-heavy-cotton-t-shirt,,,,,,,,Azalea,,4XL,,3 Print Areas,GILDAN_5000_AZALEA_4XL_03,0,,,continue,manual,44.00,,TRUE,TRUE,,,,,,,g,
gildan-5000-heavy-cotton-t-shirt,,,,,,,,Azalea,,4XL,,4 Print Areas,GILDAN_5000_AZALEA_4XL_04,0,,,continue,manual,54.00,,TRUE,TRUE,,,,,,,g,
gildan-5000-heavy-cotton-t-shirt,,,,,,,,Azalea,,5XL,,1 Print Area,GILDAN_5000_AZALEA_5XL_01,0,,,continue,manual,24.00,,TRUE,TRUE,,,,,,,g,
gildan-5000-heavy-cotton-t-shirt,,,,,,,,Azalea,,5XL,,2 Print Areas,GILDAN_5000_AZALEA_5XL_02,0,,,continue,manual,34.00,,TRUE,TRUE,,,,,,,g,
gildan-5000-heavy-cotton-t-shirt,,,,,,,,Azalea,,5XL,,3 Print Areas,GILDAN_5000_AZALEA_5XL_03,0,,,continue,manual,44.00,,TRUE,TRUE,,,,,,,g,
gildan-5000-heavy-cotton-t-shirt,,,,,,,,Azalea,,5XL,,4 Print Areas,GILDAN_5000_AZALEA_5XL_04,0,,,continue,manual,54.00,,TRUE,TRUE,,,,,,,g,
gildan-5000-heavy-cotton-t-shirt,,,,,,,,Carolina Blue,,SM,,1 Print Area,GILDAN_5000_CAROLINA_BLUE_SM_01,0,,,continue,manual,18.00,,TRUE,TRUE,,,,,,,g,
gildan-5000-heavy-cotton-t-shirt,,,,,,,,Carolina Blue,,SM,,2 Print Areas,GILDAN_5000_CAROLINA_BLUE_SM_02,0,,,continue,manual,28.00,,TRUE,TRUE,,,,,,,g,
gildan-5000-heavy-cotton-t-shirt,,,,,,,,Carolina Blue,,SM,,3 Print Areas,GILDAN_5000_CAROLINA_BLUE_SM_03,0,,,continue,manual,38.00,,TRUE,TRUE,,,,,,,g,
gildan-5000-heavy-cotton-t-shirt,,,,,,,,Carolina Blue,,SM,,4 Print Areas,GILDAN_5000_CAROLINA_BLUE_SM_04,0,,,continue,manual,48.00,,TRUE,TRUE,,,,,,,g,
gildan-5000-heavy-cotton-t-shirt,,,,,,,,Carolina Blue,,MD,,1 Print Area,GILDAN_5000_CAROLINA_BLUE_MD_01,0,,,continue,manual,18.00,,TRUE,TRUE,,,,,,,g,
gildan-5000-heavy-cotton-t-shirt,,,,,,,,Carolina Blue,,MD,,2 Print Areas,GILDAN_5000_CAROLINA_BLUE_MD_02,0,,,continue,manual,28.00,,TRUE,TRUE,,,,,,,g,
gildan-5000-heavy-cotton-t-shirt,,,,,,,,Carolina Blue,,MD,,3 Print Areas,GILDAN_5000_CAROLINA_BLUE_MD_03,0,,,continue,manual,38.00,,TRUE,TRUE,,,,,,,g,
gildan-5000-heavy-cotton-t-shirt,,,,,,,,Carolina Blue,,MD,,4 Print Areas,GILDAN_5000_CAROLINA_BLUE_MD_04,0,,,continue,manual,48.00,,TRUE,TRUE,,,,,,,g,
gildan-5000-heavy-cotton-t-shirt,,,,,,,,Carolina Blue,,LG,,1 Print Area,GILDAN_5000_CAROLINA_BLUE_LG_01,0,,,continue,manual,18.00,,TRUE,TRUE,,,,,,,g,
gildan-5000-heavy-cotton-t-shirt,,,,,,,,Carolina Blue,,LG,,2 Print Areas,GILDAN_5000_CAROLINA_BLUE_LG_02,0,,,continue,manual,28.00,,TRUE,TRUE,,,,,,,g,
gildan-5000-heavy-cotton-t-shirt,,,,,,,,Carolina Blue,,LG,,3 Print Areas,GILDAN_5000_CAROLINA_BLUE_LG_03,0,,,continue,manual,38.00,,TRUE,TRUE,,,,,,,g,
gildan-5000-heavy-cotton-t-shirt,,,,,,,,Carolina Blue,,LG,,4 Print Areas,GILDAN_5000_CAROLINA_BLUE_LG_04,0,,,continue,manual,48.00,,TRUE,TRUE,,,,,,,g,
gildan-5000-heavy-cotton-t-shirt,,,,,,,,Carolina Blue,,XL,,1 Print Area,GILDAN_5000_CAROLINA_BLUE_XL_01,0,,,continue,manual,18.00,,TRUE,TRUE,,,,,,,g,
gildan-5000-heavy-cotton-t-shirt,,,,,,,,Carolina Blue,,XL,,2 Print Areas,GILDAN_5000_CAROLINA_BLUE_XL_02,0,,,continue,manual,28.00,,TRUE,TRUE,,,,,,,g,
gildan-5000-heavy-cotton-t-shirt,,,,,,,,Carolina Blue,,XL,,3 Print Areas,GILDAN_5000_CAROLINA_BLUE_XL_03,0,,,continue,manual,38.00,,TRUE,TRUE,,,,,,,g,
gildan-5000-heavy-cotton-t-shirt,,,,,,,,Carolina Blue,,XL,,4 Print Areas,GILDAN_5000_CAROLINA_BLUE_XL_04,0,,,continue,manual,48.00,,TRUE,TRUE,,,,,,,g,
gildan-5000-heavy-cotton-t-shirt,,,,,,,,Carolina Blue,,2XL,,1 Print Area,GILDAN_5000_CAROLINA_BLUE_2XL_01,0,,,continue,manual,22.00,,TRUE,TRUE,,,,,,,g,
gildan-5000-heavy-cotton-t-shirt,,,,,,,,Carolina Blue,,2XL,,2 Print Areas,GILDAN_5000_CAROLINA_BLUE_2XL_02,0,,,continue,manual,32.00,,TRUE,TRUE,,,,,,,g,
gildan-5000-heavy-cotton-t-shirt,,,,,,,,Carolina Blue,,2XL,,3 Print Areas,GILDAN_5000_CAROLINA_BLUE_2XL_03,0,,,continue,manual,42.00,,TRUE,TRUE,,,,,,,g,
gildan-5000-heavy-cotton-t-shirt,,,,,,,,Carolina Blue,,2XL,,4 Print Areas,GILDAN_5000_CAROLINA_BLUE_2XL_04,0,,,continue,manual,52.00,,TRUE,TRUE,,,,,,,g,
gildan-5000-heavy-cotton-t-shirt,,,,,,,,Carolina Blue,,3XL,,1 Print Area,GILDAN_5000_CAROLINA_BLUE_3XL_01,0,,,continue,manual,24.00,,TRUE,TRUE,,,,,,,g,
gildan-5000-heavy-cotton-t-shirt,,,,,,,,Carolina Blue,,3XL,,2 Print Areas,GILDAN_5000_CAROLINA_BLUE_3XL_02,0,,,continue,manual,34.00,,TRUE,TRUE,,,,,,,g,
gildan-5000-heavy-cotton-t-shirt,,,,,,,,Carolina Blue,,3XL,,3 Print Areas,GILDAN_5000_CAROLINA_BLUE_3XL_03,0,,,continue,manual,44.00,,TRUE,TRUE,,,,,,,g,
gildan-5000-heavy-cotton-t-shirt,,,,,,,,Carolina Blue,,3XL,,4 Print Areas,GILDAN_5000_CAROLINA_BLUE_3XL_04,0,,,continue,manual,54.00,,TRUE,TRUE,,,,,,,g,
gildan-5000-heavy-cotton-t-shirt,,,,,,,,Carolina Blue,,4XL,,1 Print Area,GILDAN_5000_CAROLINA_BLUE_4XL_01,0,,,continue,manual,24.00,,TRUE,TRUE,,,,,,,g,
gildan-5000-heavy-cotton-t-shirt,,,,,,,,Carolina Blue,,4XL,,2 Print Areas,GILDAN_5000_CAROLINA_BLUE_4XL_02,0,,,continue,manual,34.00,,TRUE,TRUE,,,,,,,g,
gildan-5000-heavy-cotton-t-shirt,,,,,,,,Carolina Blue,,4XL,,3 Print Areas,GILDAN_5000_CAROLINA_BLUE_4XL_03,0,,,continue,manual,44.00,,TRUE,TRUE,,,,,,,g,
gildan-5000-heavy-cotton-t-shirt,,,,,,,,Carolina Blue,,4XL,,4 Print Areas,GILDAN_5000_CAROLINA_BLUE_4XL_04,0,,,continue,manual,54.00,,TRUE,TRUE,,,,,,,g,
gildan-5000-heavy-cotton-t-shirt,,,,,,,,Carolina Blue,,5XL,,1 Print Area,GILDAN_5000_CAROLINA_BLUE_5XL_01,0,,,continue,manual,24.00,,TRUE,TRUE,,,,,,,g,
gildan-5000-heavy-cotton-t-shirt,,,,,,,,Carolina Blue,,5XL,,2 Print Areas,GILDAN_5000_CAROLINA_BLUE_5XL_02,0,,,continue,manual,34.00,,TRUE,TRUE,,,,,,,g,
gildan-5000-heavy-cotton-t-shirt,,,,,,,,Carolina Blue,,5XL,,3 Print Areas,GILDAN_5000_CAROLINA_BLUE_5XL_03,0,,,continue,manual,44.00,,TRUE,TRUE,,,,,,,g,
gildan-5000-heavy-cotton-t-shirt,,,,,,,,Carolina Blue,,5XL,,4 Print Areas,GILDAN_5000_CAROLINA_BLUE_5XL_04,0,,,continue,manual,54.00,,TRUE,TRUE,,,,,,,g,
gildan-5000-heavy-cotton-t-shirt,,,,,,,,Sapphire,,SM,,1 Print Area,GILDAN_5000_SAPPHIRE_SM_01,0,,,continue,manual,18.00,,TRUE,TRUE,,,,,,,g,
gildan-5000-heavy-cotton-t-shirt,,,,,,,,Sapphire,,SM,,2 Print Areas,GILDAN_5000_SAPPHIRE_SM_02,0,,,continue,manual,28.00,,TRUE,TRUE,,,,,,,g,
gildan-5000-heavy-cotton-t-shirt,,,,,,,,Sapphire,,SM,,3 Print Areas,GILDAN_5000_SAPPHIRE_SM_03,0,,,continue,manual,38.00,,TRUE,TRUE,,,,,,,g,
gildan-5000-heavy-cotton-t-shirt,,,,,,,,Sapphire,,SM,,4 Print Areas,GILDAN_5000_SAPPHIRE_SM_04,0,,,continue,manual,48.00,,TRUE,TRUE,,,,,,,g,
gildan-5000-heavy-cotton-t-shirt,,,,,,,,Sapphire,,MD,,1 Print Area,GILDAN_5000_SAPPHIRE_MD_01,0,,,continue,manual,18.00,,TRUE,TRUE,,,,,,,g,
gildan-5000-heavy-cotton-t-shirt,,,,,,,,Sapphire,,MD,,2 Print Areas,GILDAN_5000_SAPPHIRE_MD_02,0,,,continue,manual,28.00,,TRUE,TRUE,,,,,,,g,
gildan-5000-heavy-cotton-t-shirt,,,,,,,,Sapphire,,MD,,3 Print Areas,GILDAN_5000_SAPPHIRE_MD_03,0,,,continue,manual,38.00,,TRUE,TRUE,,,,,,,g,
gildan-5000-heavy-cotton-t-shirt,,,,,,,,Sapphire,,MD,,4 Print Areas,GILDAN_5000_SAPPHIRE_MD_04,0,,,continue,manual,48.00,,TRUE,TRUE,,,,,,,g,
gildan-5000-heavy-cotton-t-shirt,,,,,,,,Sapphire,,LG,,1 Print Area,GILDAN_5000_SAPPHIRE_LG_01,0,,,continue,manual,18.00,,TRUE,TRUE,,,,,,,g,
gildan-5000-heavy-cotton-t-shirt,,,,,,,,Sapphire,,LG,,2 Print Areas,GILDAN_5000_SAPPHIRE_LG_02,0,,,continue,manual,28.00,,TRUE,TRUE,,,,,,,g,
gildan-5000-heavy-cotton-t-shirt,,,,,,,,Sapphire,,LG,,3 Print Areas,GILDAN_5000_SAPPHIRE_LG_03,0,,,continue,manual,38.00,,TRUE,TRUE,,,,,,,g,
gildan-5000-heavy-cotton-t-shirt,,,,,,,,Sapphire,,LG,,4 Print Areas,GILDAN_5000_SAPPHIRE_LG_04,0,,,continue,manual,48.00,,TRUE,TRUE,,,,,,,g,
gildan-5000-heavy-cotton-t-shirt,,,,,,,,Sapphire,,XL,,1 Print Area,GILDAN_5000_SAPPHIRE_XL_01,0,,,continue,manual,18.00,,TRUE,TRUE,,,,,,,g,
gildan-5000-heavy-cotton-t-shirt,,,,,,,,Sapphire,,XL,,2 Print Areas,GILDAN_5000_SAPPHIRE_XL_02,0,,,continue,manual,28.00,,TRUE,TRUE,,,,,,,g,
gildan-5000-heavy-cotton-t-shirt,,,,,,,,Sapphire,,XL,,3 Print Areas,GILDAN_5000_SAPPHIRE_XL_03,0,,,continue,manual,38.00,,TRUE,TRUE,,,,,,,g,
gildan-5000-heavy-cotton-t-shirt,,,,,,,,Sapphire,,XL,,4 Print Areas,GILDAN_5000_SAPPHIRE_XL_04,0,,,continue,manual,48.00,,TRUE,TRUE,,,,,,,g,
gildan-5000-heavy-cotton-t-shirt,,,,,,,,Sapphire,,2XL,,1 Print Area,GILDAN_5000_SAPPHIRE_2XL_01,0,,,continue,manual,22.00,,TRUE,TRUE,,,,,,,g,
gildan-5000-heavy-cotton-t-shirt,,,,,,,,Sapphire,,2XL,,2 Print Areas,GILDAN_5000_SAPPHIRE_2XL_02,0,,,continue,manual,32.00,,TRUE,TRUE,,,,,,,g,
gildan-5000-heavy-cotton-t-shirt,,,,,,,,Sapphire,,2XL,,3 Print Areas,GILDAN_5000_SAPPHIRE_2XL_03,0,,,continue,manual,42.00,,TRUE,TRUE,,,,,,,g,
gildan-5000-heavy-cotton-t-shirt,,,,,,,,Sapphire,,2XL,,4 Print Areas,GILDAN_5000_SAPPHIRE_2XL_04,0,,,continue,manual,52.00,,TRUE,TRUE,,,,,,,g,
gildan-5000-heavy-cotton-t-shirt,,,,,,,,Sapphire,,3XL,,1 Print Area,GILDAN_5000_SAPPHIRE_3XL_01,0,,,continue,manual,24.00,,TRUE,TRUE,,,,,,,g,
gildan-5000-heavy-cotton-t-shirt,,,,,,,,Sapphire,,3XL,,2 Print Areas,GILDAN_5000_SAPPHIRE_3XL_02,0,,,continue,manual,34.00,,TRUE,TRUE,,,,,,,g,
gildan-5000-heavy-cotton-t-shirt,,,,,,,,Sapphire,,3XL,,3 Print Areas,GILDAN_5000_SAPPHIRE_3XL_03,0,,,continue,manual,44.00,,TRUE,TRUE,,,,,,,g,
gildan-5000-heavy-cotton-t-shirt,,,,,,,,Sapphire,,3XL,,4 Print Areas,GILDAN_5000_SAPPHIRE_3XL_04,0,,,continue,manual,54.00,,TRUE,TRUE,,,,,,,g,
gildan-5000-heavy-cotton-t-shirt,,,,,,,,Sapphire,,4XL,,1 Print Area,GILDAN_5000_SAPPHIRE_4XL_01,0,,,continue,manual,24.00,,TRUE,TRUE,,,,,,,g,
gildan-5000-heavy-cotton-t-shirt,,,,,,,,Sapphire,,4XL,,2 Print Areas,GILDAN_5000_SAPPHIRE_4XL_02,0,,,continue,manual,34.00,,TRUE,TRUE,,,,,,,g,
gildan-5000-heavy-cotton-t-shirt,,,,,,,,Sapphire,,4XL,,3 Print Areas,GILDAN_5000_SAPPHIRE_4XL_03,0,,,continue,manual,44.00,,TRUE,TRUE,,,,,,,g,
gildan-5000-heavy-cotton-t-shirt,,,,,,,,Sapphire,,4XL,,4 Print Areas,GILDAN_5000_SAPPHIRE_4XL_04,0,,,continue,manual,54.00,,TRUE,TRUE,,,,,,,g,
gildan-5000-heavy-cotton-t-shirt,,,,,,,,Sapphire,,5XL,,1 Print Area,GILDAN_5000_SAPPHIRE_5XL_01,0,,,continue,manual,24.00,,TRUE,TRUE,,,,,,,g,
gildan-5000-heavy-cotton-t-shirt,,,,,,,,Sapphire,,5XL,,2 Print Areas,GILDAN_5000_SAPPHIRE_5XL_02,0,,,continue,manual,34.00,,TRUE,TRUE,,,,,,,g,
gildan-5000-heavy-cotton-t-shirt,,,,,,,,Sapphire,,5XL,,3 Print Areas,GILDAN_5000_SAPPHIRE_5XL_03,0,,,continue,manual,44.00,,TRUE,TRUE,,,,,,,g,
gildan-5000-heavy-cotton-t-shirt,,,,,,,,Sapphire,,5XL,,4 Print Areas,GILDAN_5000_SAPPHIRE_5XL_04,0,,,continue,manual,54.00,,TRUE,TRUE,,,,,,,g,
gildan-5000-heavy-cotton-t-shirt,,,,,,,,Texas Orange,,SM,,1 Print Area,GILDAN_5000_TEXAS_ORANGE_SM_01,0,,,continue,manual,18.00,,TRUE,TRUE,,,,,,,g,
gildan-5000-heavy-cotton-t-shirt,,,,,,,,Texas Orange,,SM,,2 Print Areas,GILDAN_5000_TEXAS_ORANGE_SM_02,0,,,continue,manual,28.00,,TRUE,TRUE,,,,,,,g,
gildan-5000-heavy-cotton-t-shirt,,,,,,,,Texas Orange,,SM,,3 Print Areas,GILDAN_5000_TEXAS_ORANGE_SM_03,0,,,continue,manual,38.00,,TRUE,TRUE,,,,,,,g,
gildan-5000-heavy-cotton-t-shirt,,,,,,,,Texas Orange,,SM,,4 Print Areas,GILDAN_5000_TEXAS_ORANGE_SM_04,0,,,continue,manual,48.00,,TRUE,TRUE,,,,,,,g,
gildan-5000-heavy-cotton-t-shirt,,,,,,,,Texas Orange,,MD,,1 Print Area,GILDAN_5000_TEXAS_ORANGE_MD_01,0,,,continue,manual,18.00,,TRUE,TRUE,,,,,,,g,
gildan-5000-heavy-cotton-t-shirt,,,,,,,,Texas Orange,,MD,,2 Print Areas,GILDAN_5000_TEXAS_ORANGE_MD_02,0,,,continue,manual,28.00,,TRUE,TRUE,,,,,,,g,
gildan-5000-heavy-cotton-t-shirt,,,,,,,,Texas Orange,,MD,,3 Print Areas,GILDAN_5000_TEXAS_ORANGE_MD_03,0,,,continue,manual,38.00,,TRUE,TRUE,,,,,,,g,
gildan-5000-heavy-cotton-t-shirt,,,,,,,,Texas Orange,,MD,,4 Print Areas,GILDAN_5000_TEXAS_ORANGE_MD_04,0,,,continue,manual,48.00,,TRUE,TRUE,,,,,,,g,
gildan-5000-heavy-cotton-t-shirt,,,,,,,,Texas Orange,,LG,,1 Print Area,GILDAN_5000_TEXAS_ORANGE_LG_01,0,,,continue,manual,18.00,,TRUE,TRUE,,,,,,,g,
gildan-5000-heavy-cotton-t-shirt,,,,,,,,Texas Orange,,LG,,2 Print Areas,GILDAN_5000_TEXAS_ORANGE_LG_02,0,,,continue,manual,28.00,,TRUE,TRUE,,,,,,,g,
gildan-5000-heavy-cotton-t-shirt,,,,,,,,Texas Orange,,LG,,3 Print Areas,GILDAN_5000_TEXAS_ORANGE_LG_03,0,,,continue,manual,38.00,,TRUE,TRUE,,,,,,,g,
gildan-5000-heavy-cotton-t-shirt,,,,,,,,Texas Orange,,LG,,4 Print Areas,GILDAN_5000_TEXAS_ORANGE_LG_04,0,,,continue,manual,48.00,,TRUE,TRUE,,,,,,,g,
gildan-5000-heavy-cotton-t-shirt,,,,,,,,Texas Orange,,XL,,1 Print Area,GILDAN_5000_TEXAS_ORANGE_XL_01,0,,,continue,manual,18.00,,TRUE,TRUE,,,,,,,g,
gildan-5000-heavy-cotton-t-shirt,,,,,,,,Texas Orange,,XL,,2 Print Areas,GILDAN_5000_TEXAS_ORANGE_XL_02,0,,,continue,manual,28.00,,TRUE,TRUE,,,,,,,g,
gildan-5000-heavy-cotton-t-shirt,,,,,,,,Texas Orange,,XL,,3 Print Areas,GILDAN_5000_TEXAS_ORANGE_XL_03,0,,,continue,manual,38.00,,TRUE,TRUE,,,,,,,g,
gildan-5000-heavy-cotton-t-shirt,,,,,,,,Texas Orange,,XL,,4 Print Areas,GILDAN_5000_TEXAS_ORANGE_XL_04,0,,,continue,manual,48.00,,TRUE,TRUE,,,,,,,g,
gildan-5000-heavy-cotton-t-shirt,,,,,,,,Texas Orange,,2XL,,1 Print Area,GILDAN_5000_TEXAS_ORANGE_2XL_01,0,,,continue,manual,22.00,,TRUE,TRUE,,,,,,,g,
gildan-5000-heavy-cotton-t-shirt,,,,,,,,Texas Orange,,2XL,,2 Print Areas,GILDAN_5000_TEXAS_ORANGE_2XL_02,0,,,continue,manual,32.00,,TRUE,TRUE,,,,,,,g,
gildan-5000-heavy-cotton-t-shirt,,,,,,,,Texas Orange,,2XL,,3 Print Areas,GILDAN_5000_TEXAS_ORANGE_2XL_03,0,,,continue,manual,42.00,,TRUE,TRUE,,,,,,,g,
gildan-5000-heavy-cotton-t-shirt,,,,,,,,Texas Orange,,2XL,,4 Print Areas,GILDAN_5000_TEXAS_ORANGE_2XL_04,0,,,continue,manual,52.00,,TRUE,TRUE,,,,,,,g,
gildan-5000-heavy-cotton-t-shirt,,,,,,,,Texas Orange,,3XL,,1 Print Area,GILDAN_5000_TEXAS_ORANGE_3XL_01,0,,,continue,manual,24.00,,TRUE,TRUE,,,,,,,g,
gildan-5000-heavy-cotton-t-shirt,,,,,,,,Texas Orange,,3XL,,2 Print Areas,GILDAN_5000_TEXAS_ORANGE_3XL_02,0,,,continue,manual,34.00,,TRUE,TRUE,,,,,,,g,
gildan-5000-heavy-cotton-t-shirt,,,,,,,,Texas Orange,,3XL,,3 Print Areas,GILDAN_5000_TEXAS_ORANGE_3XL_03,0,,,continue,manual,44.00,,TRUE,TRUE,,,,,,,g,
gildan-5000-heavy-cotton-t-shirt,,,,,,,,Texas Orange,,3XL,,4 Print Areas,GILDAN_5000_TEXAS_ORANGE_3XL_04,0,,,continue,manual,54.00,,TRUE,TRUE,,,,,,,g,
gildan-5000-heavy-cotton-t-shirt,,,,,,,,Texas Orange,,4XL,,1 Print Area,GILDAN_5000_TEXAS_ORANGE_4XL_01,0,,,continue,manual,24.00,,TRUE,TRUE,,,,,,,g,
gildan-5000-heavy-cotton-t-shirt,,,,,,,,Texas Orange,,4XL,,2 Print Areas,GILDAN_5000_TEXAS_ORANGE_4XL_02,0,,,continue,manual,34.00,,TRUE,TRUE,,,,,,,g,
gildan-5000-heavy-cotton-t-shirt,,,,,,,,Texas Orange,,4XL,,3 Print Areas,GILDAN_5000_TEXAS_ORANGE_4XL_03,0,,,continue,manual,44.00,,TRUE,TRUE,,,,,,,g,
gildan-5000-heavy-cotton-t-shirt,,,,,,,,Texas Orange,,4XL,,4 Print Areas,GILDAN_5000_TEXAS_ORANGE_4XL_04,0,,,continue,manual,54.00,,TRUE,TRUE,,,,,,,g,
gildan-5000-heavy-cotton-t-shirt,,,,,,,,Texas Orange,,5XL,,1 Print Area,GILDAN_5000_TEXAS_ORANGE_5XL_01,0,,,continue,manual,24.00,,TRUE,TRUE,,,,,,,g,
gildan-5000-heavy-cotton-t-shirt,,,,,,,,Texas Orange,,5XL,,2 Print Areas,GILDAN_5000_TEXAS_ORANGE_5XL_02,0,,,continue,manual,34.00,,TRUE,TRUE,,,,,,,g,
gildan-5000-heavy-cotton-t-shirt,,,,,,,,Texas Orange,,5XL,,3 Print Areas,GILDAN_5000_TEXAS_ORANGE_5XL_03,0,,,continue,manual,44.00,,TRUE,TRUE,,,,,,,g,
gildan-5000-heavy-cotton-t-shirt,,,,,,,,Texas Orange,,5XL,,4 Print Areas,GILDAN_5000_TEXAS_ORANGE_5XL_04,0,,,continue,manual,54.00,,TRUE,TRUE,,,,,,,g,
gildan-5000-heavy-cotton-t-shirt,,,,,,,,Garnet,,SM,,1 Print Area,GILDAN_5000_GARNET_SM_01,0,,,continue,manual,18.00,,TRUE,TRUE,,,,,,,g,
gildan-5000-heavy-cotton-t-shirt,,,,,,,,Garnet,,SM,,2 Print Areas,GILDAN_5000_GARNET_SM_02,0,,,continue,manual,28.00,,TRUE,TRUE,,,,,,,g,
gildan-5000-heavy-cotton-t-shirt,,,,,,,,Garnet,,SM,,3 Print Areas,GILDAN_5000_GARNET_SM_03,0,,,continue,manual,38.00,,TRUE,TRUE,,,,,,,g,
gildan-5000-heavy-cotton-t-shirt,,,,,,,,Garnet,,SM,,4 Print Areas,GILDAN_5000_GARNET_SM_04,0,,,continue,manual,48.00,,TRUE,TRUE,,,,,,,g,
gildan-5000-heavy-cotton-t-shirt,,,,,,,,Garnet,,MD,,1 Print Area,GILDAN_5000_GARNET_MD_01,0,,,continue,manual,18.00,,TRUE,TRUE,,,,,,,g,
gildan-5000-heavy-cotton-t-shirt,,,,,,,,Garnet,,MD,,2 Print Areas,GILDAN_5000_GARNET_MD_02,0,,,continue,manual,28.00,,TRUE,TRUE,,,,,,,g,
gildan-5000-heavy-cotton-t-shirt,,,,,,,,Garnet,,MD,,3 Print Areas,GILDAN_5000_GARNET_MD_03,0,,,continue,manual,38.00,,TRUE,TRUE,,,,,,,g,
gildan-5000-heavy-cotton-t-shirt,,,,,,,,Garnet,,MD,,4 Print Areas,GILDAN_5000_GARNET_MD_04,0,,,continue,manual,48.00,,TRUE,TRUE,,,,,,,g,
gildan-5000-heavy-cotton-t-shirt,,,,,,,,Garnet,,LG,,1 Print Area,GILDAN_5000_GARNET_LG_01,0,,,continue,manual,18.00,,TRUE,TRUE,,,,,,,g,
gildan-5000-heavy-cotton-t-shirt,,,,,,,,Garnet,,LG,,2 Print Areas,GILDAN_5000_GARNET_LG_02,0,,,continue,manual,28.00,,TRUE,TRUE,,,,,,,g,
gildan-5000-heavy-cotton-t-shirt,,,,,,,,Garnet,,LG,,3 Print Areas,GILDAN_5000_GARNET_LG_03,0,,,continue,manual,38.00,,TRUE,TRUE,,,,,,,g,
gildan-5000-heavy-cotton-t-shirt,,,,,,,,Garnet,,LG,,4 Print Areas,GILDAN_5000_GARNET_LG_04,0,,,continue,manual,48.00,,TRUE,TRUE,,,,,,,g,
gildan-5000-heavy-cotton-t-shirt,,,,,,,,Garnet,,XL,,1 Print Area,GILDAN_5000_GARNET_XL_01,0,,,continue,manual,18.00,,TRUE,TRUE,,,,,,,g,
gildan-5000-heavy-cotton-t-shirt,,,,,,,,Garnet,,XL,,2 Print Areas,GILDAN_5000_GARNET_XL_02,0,,,continue,manual,28.00,,TRUE,TRUE,,,,,,,g,
gildan-5000-heavy-cotton-t-shirt,,,,,,,,Garnet,,XL,,3 Print Areas,GILDAN_5000_GARNET_XL_03,0,,,continue,manual,38.00,,TRUE,TRUE,,,,,,,g,
gildan-5000-heavy-cotton-t-shirt,,,,,,,,Garnet,,XL,,4 Print Areas,GILDAN_5000_GARNET_XL_04,0,,,continue,manual,48.00,,TRUE,TRUE,,,,,,,g,
gildan-5000-heavy-cotton-t-shirt,,,,,,,,Garnet,,2XL,,1 Print Area,GILDAN_5000_GARNET_2XL_01,0,,,continue,manual,22.00,,TRUE,TRUE,,,,,,,g,
gildan-5000-heavy-cotton-t-shirt,,,,,,,,Garnet,,2XL,,2 Print Areas,GILDAN_5000_GARNET_2XL_02,0,,,continue,manual,32.00,,TRUE,TRUE,,,,,,,g,
gildan-5000-heavy-cotton-t-shirt,,,,,,,,Garnet,,2XL,,3 Print Areas,GILDAN_5000_GARNET_2XL_03,0,,,continue,manual,42.00,,TRUE,TRUE,,,,,,,g,
gildan-5000-heavy-cotton-t-shirt,,,,,,,,Garnet,,2XL,,4 Print Areas,GILDAN_5000_GARNET_2XL_04,0,,,continue,manual,52.00,,TRUE,TRUE,,,,,,,g,
gildan-5000-heavy-cotton-t-shirt,,,,,,,,Garnet,,3XL,,1 Print Area,GILDAN_5000_GARNET_3XL_01,0,,,continue,manual,24.00,,TRUE,TRUE,,,,,,,g,
gildan-5000-heavy-cotton-t-shirt,,,,,,,,Garnet,,3XL,,2 Print Areas,GILDAN_5000_GARNET_3XL_02,0,,,continue,manual,34.00,,TRUE,TRUE,,,,,,,g,
gildan-5000-heavy-cotton-t-shirt,,,,,,,,Garnet,,3XL,,3 Print Areas,GILDAN_5000_GARNET_3XL_03,0,,,continue,manual,44.00,,TRUE,TRUE,,,,,,,g,
gildan-5000-heavy-cotton-t-shirt,,,,,,,,Garnet,,3XL,,4 Print Areas,GILDAN_5000_GARNET_3XL_04,0,,,continue,manual,54.00,,TRUE,TRUE,,,,,,,g,
gildan-5000-heavy-cotton-t-shirt,,,,,,,,Garnet,,4XL,,1 Print Area,GILDAN_5000_GARNET_4XL_01,0,,,continue,manual,24.00,,TRUE,TRUE,,,,,,,g,
gildan-5000-heavy-cotton-t-shirt,,,,,,,,Garnet,,4XL,,2 Print Areas,GILDAN_5000_GARNET_4XL_02,0,,,continue,manual,34.00,,TRUE,TRUE,,,,,,,g,
gildan-5000-heavy-cotton-t-shirt,,,,,,,,Garnet,,4XL,,3 Print Areas,GILDAN_5000_GARNET_4XL_03,0,,,continue,manual,44.00,,TRUE,TRUE,,,,,,,g,
gildan-5000-heavy-cotton-t-shirt,,,,,,,,Garnet,,4XL,,4 Print Areas,GILDAN_5000_GARNET_4XL_04,0,,,continue,manual,54.00,,TRUE,TRUE,,,,,,,g,
gildan-5000-heavy-cotton-t-shirt,,,,,,,,Garnet,,5XL,,1 Print Area,GILDAN_5000_GARNET_5XL_01,0,,,continue,manual,24.00,,TRUE,TRUE,,,,,,,g,
gildan-5000-heavy-cotton-t-shirt,,,,,,,,Garnet,,5XL,,2 Print Areas,GILDAN_5000_GARNET_5XL_02,0,,,continue,manual,34.00,,TRUE,TRUE,,,,,,,g,
gildan-5000-heavy-cotton-t-shirt,,,,,,,,Garnet,,5XL,,3 Print Areas,GILDAN_5000_GARNET_5XL_03,0,,,continue,manual,44.00,,TRUE,TRUE,,,,,,,g,
gildan-5000-heavy-cotton-t-shirt,,,,,,,,Garnet,,5XL,,4 Print Areas,GILDAN_5000_GARNET_5XL_04,0,,,continue,manual,54.00,,TRUE,TRUE,,,,,,,g,
gildan-5000-heavy-cotton-t-shirt,,,,,,,,Midnight,,SM,,1 Print Area,GILDAN_5000_MIDNIGHT_SM_01,0,,,continue,manual,18.00,,TRUE,TRUE,,,,,,,g,
gildan-5000-heavy-cotton-t-shirt,,,,,,,,Midnight,,SM,,2 Print Areas,GILDAN_5000_MIDNIGHT_SM_02,0,,,continue,manual,28.00,,TRUE,TRUE,,,,,,,g,
gildan-5000-heavy-cotton-t-shirt,,,,,,,,Midnight,,SM,,3 Print Areas,GILDAN_5000_MIDNIGHT_SM_03,0,,,continue,manual,38.00,,TRUE,TRUE,,,,,,,g,
gildan-5000-heavy-cotton-t-shirt,,,,,,,,Midnight,,SM,,4 Print Areas,GILDAN_5000_MIDNIGHT_SM_04,0,,,continue,manual,48.00,,TRUE,TRUE,,,,,,,g,
gildan-5000-heavy-cotton-t-shirt,,,,,,,,Midnight,,MD,,1 Print Area,GILDAN_5000_MIDNIGHT_MD_01,0,,,continue,manual,18.00,,TRUE,TRUE,,,,,,,g,
gildan-5000-heavy-cotton-t-shirt,,,,,,,,Midnight,,MD,,2 Print Areas,GILDAN_5000_MIDNIGHT_MD_02,0,,,continue,manual,28.00,,TRUE,TRUE,,,,,,,g,
gildan-5000-heavy-cotton-t-shirt,,,,,,,,Midnight,,MD,,3 Print Areas,GILDAN_5000_MIDNIGHT_MD_03,0,,,continue,manual,38.00,,TRUE,TRUE,,,,,,,g,
gildan-5000-heavy-cotton-t-shirt,,,,,,,,Midnight,,MD,,4 Print Areas,GILDAN_5000_MIDNIGHT_MD_04,0,,,continue,manual,48.00,,TRUE,TRUE,,,,,,,g,
gildan-5000-heavy-cotton-t-shirt,,,,,,,,Midnight,,LG,,1 Print Area,GILDAN_5000_MIDNIGHT_LG_01,0,,,continue,manual,18.00,,TRUE,TRUE,,,,,,,g,
gildan-5000-heavy-cotton-t-shirt,,,,,,,,Midnight,,LG,,2 Print Areas,GILDAN_5000_MIDNIGHT_LG_02,0,,,continue,manual,28.00,,TRUE,TRUE,,,,,,,g,
gildan-5000-heavy-cotton-t-shirt,,,,,,,,Midnight,,LG,,3 Print Areas,GILDAN_5000_MIDNIGHT_LG_03,0,,,continue,manual,38.00,,TRUE,TRUE,,,,,,,g,
gildan-5000-heavy-cotton-t-shirt,,,,,,,,Midnight,,LG,,4 Print Areas,GILDAN_5000_MIDNIGHT_LG_04,0,,,continue,manual,48.00,,TRUE,TRUE,,,,,,,g,
gildan-5000-heavy-cotton-t-shirt,,,,,,,,Midnight,,XL,,1 Print Area,GILDAN_5000_MIDNIGHT_XL_01,0,,,continue,manual,18.00,,TRUE,TRUE,,,,,,,g,
gildan-5000-heavy-cotton-t-shirt,,,,,,,,Midnight,,XL,,2 Print Areas,GILDAN_5000_MIDNIGHT_XL_02,0,,,continue,manual,28.00,,TRUE,TRUE,,,,,,,g,
gildan-5000-heavy-cotton-t-shirt,,,,,,,,Midnight,,XL,,3 Print Areas,GILDAN_5000_MIDNIGHT_XL_03,0,,,continue,manual,38.00,,TRUE,TRUE,,,,,,,g,
gildan-5000-heavy-cotton-t-shirt,,,,,,,,Midnight,,XL,,4 Print Areas,GILDAN_5000_MIDNIGHT_XL_04,0,,,continue,manual,48.00,,TRUE,TRUE,,,,,,,g,
gildan-5000-heavy-cotton-t-shirt,,,,,,,,Midnight,,2XL,,1 Print Area,GILDAN_5000_MIDNIGHT_2XL_01,0,,,continue,manual,22.00,,TRUE,TRUE,,,,,,,g,
gildan-5000-heavy-cotton-t-shirt,,,,,,,,Midnight,,2XL,,2 Print Areas,GILDAN_5000_MIDNIGHT_2XL_02,0,,,continue,manual,32.00,,TRUE,TRUE,,,,,,,g,
gildan-5000-heavy-cotton-t-shirt,,,,,,,,Midnight,,2XL,,3 Print Areas,GILDAN_5000_MIDNIGHT_2XL_03,0,,,continue,manual,42.00,,TRUE,TRUE,,,,,,,g,
gildan-5000-heavy-cotton-t-shirt,,,,,,,,Midnight,,2XL,,4 Print Areas,GILDAN_5000_MIDNIGHT_2XL_04,0,,,continue,manual,52.00,,TRUE,TRUE,,,,,,,g,
gildan-5000-heavy-cotton-t-shirt,,,,,,,,Midnight,,3XL,,1 Print Area,GILDAN_5000_MIDNIGHT_3XL_01,0,,,continue,manual,24.00,,TRUE,TRUE,,,,,,,g,
gildan-5000-heavy-cotton-t-shirt,,,,,,,,Midnight,,3XL,,2 Print Areas,GILDAN_5000_MIDNIGHT_3XL_02,0,,,continue,manual,34.00,,TRUE,TRUE,,,,,,,g,
gildan-5000-heavy-cotton-t-shirt,,,,,,,,Midnight,,3XL,,3 Print Areas,GILDAN_5000_MIDNIGHT_3XL_03,0,,,continue,manual,44.00,,TRUE,TRUE,,,,,,,g,
gildan-5000-heavy-cotton-t-shirt,,,,,,,,Midnight,,3XL,,4 Print Areas,GILDAN_5000_MIDNIGHT_3XL_04,0,,,continue,manual,54.00,,TRUE,TRUE,,,,,,,g,
gildan-5000-heavy-cotton-t-shirt,,,,,,,,Midnight,,4XL,,1 Print Area,GILDAN_5000_MIDNIGHT_4XL_01,0,,,continue,manual,24.00,,TRUE,TRUE,,,,,,,g,
gildan-5000-heavy-cotton-t-shirt,,,,,,,,Midnight,,4XL,,2 Print Areas,GILDAN_5000_MIDNIGHT_4XL_02,0,,,continue,manual,34.00,,TRUE,TRUE,,,,,,,g,
gildan-5000-heavy-cotton-t-shirt,,,,,,,,Midnight,,4XL,,3 Print Areas,GILDAN_5000_MIDNIGHT_4XL_03,0,,,continue,manual,44.00,,TRUE,TRUE,,,,,,,g,
gildan-5000-heavy-cotton-t-shirt,,,,,,,,Midnight,,4XL,,4 Print Areas,GILDAN_5000_MIDNIGHT_4XL_04,0,,,continue,manual,54.00,,TRUE,TRUE,,,,,,,g,
gildan-5000-heavy-cotton-t-shirt,,,,,,,,Midnight,,5XL,,1 Print Area,GILDAN_5000_MIDNIGHT_5XL_01,0,,,continue,manual,24.00,,TRUE,TRUE,,,,,,,g,
gildan-5000-heavy-cotton-t-shirt,,,,,,,,Midnight,,5XL,,2 Print Areas,GILDAN_5000_MIDNIGHT_5XL_02,0,,,continue,manual,34.00,,TRUE,TRUE,,,,,,,g,
gildan-5000-heavy-cotton-t-shirt,,,,,,,,Midnight,,5XL,,3 Print Areas,GILDAN_5000_MIDNIGHT_5XL_03,0,,,continue,manual,44.00,,TRUE,TRUE,,,,,,,g,
gildan-5000-heavy-cotton-t-shirt,,,,,,,,Midnight,,5XL,,4 Print Areas,GILDAN_5000_MIDNIGHT_5XL_04,0,,,continue,manual,54.00,,TRUE,TRUE,,,,,,,g,
gildan-5000-heavy-cotton-t-shirt,,,,,,,,,,,,,,,,,,,,,,,,https://cdn.shopify.com/s/files/1/0693/6425/2915/files/black_front_ac445d26-ca58-41d5-a5ff-f70c1caecc3e.jpg?v=1753357491,2,Front,,,,
gildan-5000-heavy-cotton-t-shirt,,,,,,,,,,,,,,,,,,,,,,,,https://cdn.shopify.com/s/files/1/0693/6425/2915/files/white_front_57200f79-432e-4254-92f8-434dce4f15f0.jpg?v=1753357491,3,Front,,,,
gildan-5000-heavy-cotton-t-shirt,,,,,,,,,,,,,,,,,,,,,,,,https://cdn.shopify.com/s/files/1/0693/6425/2915/files/charcoal_front.jpg?v=1753357491,4,Front,,,,
gildan-5000-heavy-cotton-t-shirt,,,,,,,,,,,,,,,,,,,,,,,,https://cdn.shopify.com/s/files/1/0693/6425/2915/files/sport_grey_fornt.jpg?v=1753357492,5,Front,,,,
gildan-5000-heavy-cotton-t-shirt,,,,,,,,,,,,,,,,,,,,,,,,https://cdn.shopify.com/s/files/1/0693/6425/2915/files/navy_front_a13f69ff-cffc-4f59-b8bb-f63c010f6519.jpg?v=1753357492,6,Front,,,,
gildan-5000-heavy-cotton-t-shirt,,,,,,,,,,,,,,,,,,,,,,,,https://cdn.shopify.com/s/files/1/0693/6425/2915/files/natural_front.jpg?v=1753357492,7,Front,,,,
gildan-5000-heavy-cotton-t-shirt,,,,,,,,,,,,,,,,,,,,,,,,https://cdn.shopify.com/s/files/1/0693/6425/2915/files/dark_heather.jpg?v=1753357492,8,Front,,,,
gildan-5000-heavy-cotton-t-shirt,,,,,,,,,,,,,,,,,,,,,,,,https://cdn.shopify.com/s/files/1/0693/6425/2915/files/red_front_2cae050e-e29e-48ae-aae1-360be9b90c96.jpg?v=1753357493,9,Front,,,,
gildan-5000-heavy-cotton-t-shirt,,,,,,,,,,,,,,,,,,,,,,,,https://cdn.shopify.com/s/files/1/0693/6425/2915/files/1200W-625-Heliconia-12-5000HeliconiaFlatFront3.jpg?v=1753357493,10,Front,,,,
gildan-5000-heavy-cotton-t-shirt,,,,,,,,,,,,,,,,,,,,,,,,https://cdn.shopify.com/s/files/1/0693/6425/2915/files/1200W-625-Heliconia-13-5000HeliconiaFlatBack3.jpg?v=1753357493,11,Back,,,,
gildan-5000-heavy-cotton-t-shirt,,,,,,,,,,,,,,,,,,,,,,,,https://cdn.shopify.com/s/files/1/0693/6425/2915/files/1200W-625-OldGold-12-5000OldGoldFlatFront3.jpg?v=1753357493,12,Front,,,,
gildan-5000-heavy-cotton-t-shirt,,,,,,,,,,,,,,,,,,,,,,,,https://cdn.shopify.com/s/files/1/0693/6425/2915/files/1200W-625-OldGold-13-5000OldGoldFlatBack3.jpg?v=1753357493,13,Back,,,,
gildan-5000-heavy-cotton-t-shirt,,,,,,,,,,,,,,,,,,,,,,,,https://cdn.shopify.com/s/files/1/0693/6425/2915/files/1200W-625-AntqIrshGn-12-5000AntqIrshGnFlatFront3.jpg?v=1753357494,14,Front,,,,
gildan-5000-heavy-cotton-t-shirt,,,,,,,,,,,,,,,,,,,,,,,,https://cdn.shopify.com/s/files/1/0693/6425/2915/files/1200W-625-AntqIrshGn-13-5000AntqIrshGnFlatBack3.jpg?v=1753357494,15,Back,,,,
gildan-5000-heavy-cotton-t-shirt,,,,,,,,,,,,,,,,,,,,,,,,https://cdn.shopify.com/s/files/1/0693/6425/2915/files/1200W-625-Sky-12-5000SkyFlatFront1.jpg?v=1753357494,16,Front,,,,
gildan-5000-heavy-cotton-t-shirt,,,,,,,,,,,,,,,,,,,,,,,,https://cdn.shopify.com/s/files/1/0693/6425/2915/files/1200W-625-Sky-13-5000SkyFlatBack1.jpg?v=1753357494,17,Back,,,,
gildan-5000-heavy-cotton-t-shirt,,,,,,,,,,,,,,,,,,,,,,,,https://cdn.shopify.com/s/files/1/0693/6425/2915/files/1200W-625-SftyGrn-13-5000SftyGrnFlatBack1.jpg?v=1753357494,18,Back,,,,
gildan-5000-heavy-cotton-t-shirt,,,,,,,,,,,,,,,,,,,,,,,,https://cdn.shopify.com/s/files/1/0693/6425/2915/files/1200W-625-SftyGrn-12-5000SftyGrnFlatFront1.jpg?v=1753357494,19,Front,,,,
gildan-5000-heavy-cotton-t-shirt,,,,,,,,,,,,,,,,,,,,,,,,https://cdn.shopify.com/s/files/1/0693/6425/2915/files/1200W-625-SOrange-13-5000SOrangeFlatBack1.jpg?v=1753357495,20,Back,,,,
gildan-5000-heavy-cotton-t-shirt,,,,,,,,,,,,,,,,,,,,,,,,https://cdn.shopify.com/s/files/1/0693/6425/2915/files/1200W-625-Sapphire-12-5000SapphireFlatFront1.jpg?v=1753357495,21,Front,,,,
gildan-5000-heavy-cotton-t-shirt,,,,,,,,,,,,,,,,,,,,,,,,https://cdn.shopify.com/s/files/1/0693/6425/2915/files/1200W-625-Sapphire-13-5000SapphireFlatBack1.jpg?v=1753357495,22,Back,,,,
gildan-5000-heavy-cotton-t-shirt,,,,,,,,,,,,,,,,,,,,,,,,https://cdn.shopify.com/s/files/1/0693/6425/2915/files/1200W-625-SOrange-12-5000SOrangeFlatFront1.jpg?v=1753357495,23,Front,,,,
gildan-5000-heavy-cotton-t-shirt,,,,,,,,,,,,,,,,,,,,,,,,https://cdn.shopify.com/s/files/1/0693/6425/2915/files/1200W-625-Royal-12-5000RoyalFlatFront3.jpg?v=1753357495,24,Front,,,,
gildan-5000-heavy-cotton-t-shirt,,,,,,,,,,,,,,,,,,,,,,,,https://cdn.shopify.com/s/files/1/0693/6425/2915/files/1200W-625-Royal-13-5000RoyalFlatBack3.jpg?v=1753357495,25,Back,,,,
gildan-5000-heavy-cotton-t-shirt,,,,,,,,,,,,,,,,,,,,,,,,https://cdn.shopify.com/s/files/1/0693/6425/2915/files/1200W-625-Berry-12-5000BerryFlatFront3.jpg?v=1753357496,26,Front,,,,
gildan-5000-heavy-cotton-t-shirt,,,,,,,,,,,,,,,,,,,,,,,,https://cdn.shopify.com/s/files/1/0693/6425/2915/files/1200W-625-Berry-13-5000BerryFlatBack3.jpg?v=1753357496,27,Back,,,,
gildan-5000-heavy-cotton-t-shirt,,,,,,,,,,,,,,,,,,,,,,,,https://cdn.shopify.com/s/files/1/0693/6425/2915/files/1200W-625-CardinalRd-12-5000CardinalRdFlatFront3.jpg?v=1753357496,28,Front,,,,
gildan-5000-heavy-cotton-t-shirt,,,,,,,,,,,,,,,,,,,,,,,,https://cdn.shopify.com/s/files/1/0693/6425/2915/files/1200W-625-CardinalRd-13-5000CardinalRdFlatBack3.jpg?v=1753357496,29,Back,,,,
gildan-5000-heavy-cotton-t-shirt,,,,,,,,,,,,,,,,,,,,,,,,https://cdn.shopify.com/s/files/1/0693/6425/2915/files/1200W-625-CarolinaBl-12-5000CarolinaBlFlatFront3.jpg?v=1753357496,30,Front,,,,
gildan-5000-heavy-cotton-t-shirt,,,,,,,,,,,,,,,,,,,,,,,,https://cdn.shopify.com/s/files/1/0693/6425/2915/files/1200W-625-CarolinaBl-13-5000CarolinaBlFlatBack3.jpg?v=1753357496,31,Back,,,,
gildan-5000-heavy-cotton-t-shirt,,,,,,,,,,,,,,,,,,,,,,,,https://cdn.shopify.com/s/files/1/0693/6425/2915/files/1200W-625-ForestGrn-12-5000ForestGrnFlatFront3.jpg?v=1753357497,32,Front,,,,
gildan-5000-heavy-cotton-t-shirt,,,,,,,,,,,,,,,,,,,,,,,,https://cdn.shopify.com/s/files/1/0693/6425/2915/files/1200W-625-ForestGrn-13-5000ForestGrnFlatBack3.jpg?v=1753357497,33,Back,,,,
gildan-5000-heavy-cotton-t-shirt,,,,,,,,,,,,,,,,,,,,,,,,https://cdn.shopify.com/s/files/1/0693/6425/2915/files/1200W-625-GphHeather-12-5000GphHeatherFlatFront3.jpg?v=1753357497,34,Front,,,,
gildan-5000-heavy-cotton-t-shirt,,,,,,,,,,,,,,,,,,,,,,,,https://cdn.shopify.com/s/files/1/0693/6425/2915/files/1200W-625-GphHeather-13-5000GphHeatherFlatBack3.jpg?v=1753357497,35,Back,,,,
gildan-5000-heavy-cotton-t-shirt,,,,,,,,,,,,,,,,,,,,,,,,https://cdn.shopify.com/s/files/1/0693/6425/2915/files/1200W-625-Gravel-12-5000GravelFlatFront3.jpg?v=1753357497,36,Front,,,,
gildan-5000-heavy-cotton-t-shirt,,,,,,,,,,,,,,,,,,,,,,,,https://cdn.shopify.com/s/files/1/0693/6425/2915/files/1200W-625-Gravel-13-5000GravelFlatBack3.jpg?v=1753357498,37,Back,,,,
gildan-5000-heavy-cotton-t-shirt,,,,,,,,,,,,,,,,,,,,,,,,https://cdn.shopify.com/s/files/1/0693/6425/2915/files/1200W-625-HtMltGrn-12-5000HtMltGrnFlatFront3.jpg?v=1753357498,38,Front,,,,
gildan-5000-heavy-cotton-t-shirt,,,,,,,,,,,,,,,,,,,,,,,,https://cdn.shopify.com/s/files/1/0693/6425/2915/files/1200W-625-HtMltGrn-13-5000HtMltGrnFlatBack3.jpg?v=1753357498,39,Back,,,,
gildan-5000-heavy-cotton-t-shirt,,,,,,,,,,,,,,,,,,,,,,,,https://cdn.shopify.com/s/files/1/0693/6425/2915/files/1200W-625-HtSapphire-12-5000HtSapphireFlatFront4.jpg?v=1753357498,40,Front,,,,
gildan-5000-heavy-cotton-t-shirt,,,,,,,,,,,,,,,,,,,,,,,,https://cdn.shopify.com/s/files/1/0693/6425/2915/files/1200W-625-HtSapphire-13-5000HtSapphireFlatBack4.jpg?v=1753357498,41,Back,,,,
gildan-5000-heavy-cotton-t-shirt,,,,,,,,,,,,,,,,,,,,,,,,https://cdn.shopify.com/s/files/1/0693/6425/2915/files/1200W-625-HthrNavy-12-5000HthrNavyFlatFront5.jpg?v=1753357498,42,Front,,,,
gildan-5000-heavy-cotton-t-shirt,,,,,,,,,,,,,,,,,,,,,,,,https://cdn.shopify.com/s/files/1/0693/6425/2915/files/1200W-625-HthrNavy-13-5000HthrNavyFlatBack5.jpg?v=1753357499,43,Back,,,,
gildan-5000-heavy-cotton-t-shirt,,,,,,,,,,,,,,,,,,,,,,,,https://cdn.shopify.com/s/files/1/0693/6425/2915/files/1200W-625-HthrRed-12-5000HthrRedFlatFront3.jpg?v=1753357499,44,Front,,,,
gildan-5000-heavy-cotton-t-shirt,,,,,,,,,,,,,,,,,,,,,,,,https://cdn.shopify.com/s/files/1/0693/6425/2915/files/1200W-625-HthrRed-13-5000HthrRedFlatBack3.jpg?v=1753357499,45,Back,,,,
gildan-5000-heavy-cotton-t-shirt,,,,,,,,,,,,,,,,,,,,,,,,https://cdn.shopify.com/s/files/1/0693/6425/2915/files/1200W-625-IndigoBlue-12-5000IndigoBlueFlatFront3.jpg?v=1753357499,46,Front,,,,
gildan-5000-heavy-cotton-t-shirt,,,,,,,,,,,,,,,,,,,,,,,,https://cdn.shopify.com/s/files/1/0693/6425/2915/files/1200W-625-IndigoBlue-13-5000IndigoBlueFlatBack3.jpg?v=1753357499,47,Back,,,,
gildan-5000-heavy-cotton-t-shirt,,,,,,,,,,,,,,,,,,,,,,,,https://cdn.shopify.com/s/files/1/0693/6425/2915/files/1200W-625-IrishGreen-12-5000IrishGreenFlatFront3.jpg?v=1753357499,48,Front,,,,
gildan-5000-heavy-cotton-t-shirt,,,,,,,,,,,,,,,,,,,,,,,,https://cdn.shopify.com/s/files/1/0693/6425/2915/files/1200W-625-IrishGreen-13-5000IrishGreenFlatBack3.jpg?v=1753357500,49,Back,,,,
gildan-5000-heavy-cotton-t-shirt,,,,,,,,,,,,,,,,,,,,,,,,https://cdn.shopify.com/s/files/1/0693/6425/2915/files/1200W-625-LightBlue-12-5000LightBlueFlatFront5.jpg?v=1753357500,50,Front,,,,
gildan-5000-heavy-cotton-t-shirt,,,,,,,,,,,,,,,,,,,,,,,,https://cdn.shopify.com/s/files/1/0693/6425/2915/files/1200W-625-LightBlue-13-5000LightBlueFlatBack5.jpg?v=1753357500,51,Back,,,,
gildan-5000-heavy-cotton-t-shirt,,,,,,,,,,,,,,,,,,,,,,,,https://cdn.shopify.com/s/files/1/0693/6425/2915/files/1200W-625-LightPink-12-5000LightPinkFlatFront5.jpg?v=1753357500,52,Front,,,,
gildan-5000-heavy-cotton-t-shirt,,,,,,,,,,,,,,,,,,,,,,,,https://cdn.shopify.com/s/files/1/0693/6425/2915/files/1200W-625-LightPink-13-5000LightPinkFlatBack5.jpg?v=1753357500,53,Back,,,,
gildan-5000-heavy-cotton-t-shirt,,,,,,,,,,,,,,,,,,,,,,,,https://cdn.shopify.com/s/files/1/0693/6425/2915/files/1200W-625-Maroon-12-5000MaroonFlatFront5.jpg?v=1753357501,54,Front,,,,
gildan-5000-heavy-cotton-t-shirt,,,,,,,,,,,,,,,,,,,,,,,,https://cdn.shopify.com/s/files/1/0693/6425/2915/files/1200W-625-Maroon-13-5000MaroonFlatBack5.jpg?v=1753357501,55,Back,,,,
gildan-5000-heavy-cotton-t-shirt,,,,,,,,,,,,,,,,,,,,,,,,https://cdn.shopify.com/s/files/1/0693/6425/2915/files/1200W-625-MintGreen-12-5000MintGreenFlatFront3.jpg?v=1753357501,56,Front,,,,
gildan-5000-heavy-cotton-t-shirt,,,,,,,,,,,,,,,,,,,,,,,,https://cdn.shopify.com/s/files/1/0693/6425/2915/files/1200W-625-MintGreen-13-5000MintGreenFlatBack3.jpg?v=1753357501,57,Back,,,,
gildan-5000-heavy-cotton-t-shirt,,,,,,,,,,,,,,,,,,,,,,,,https://cdn.shopify.com/s/files/1/0693/6425/2915/files/1200W-625-Purple-12-5000PurpleFlatFront3.jpg?v=1753357501,58,Front,,,,
gildan-5000-heavy-cotton-t-shirt,,,,,,,,,,,,,,,,,,,,,,,,https://cdn.shopify.com/s/files/1/0693/6425/2915/files/1200W-625-Purple-13-5000PurpleFlatBack3.jpg?v=1753357502,59,Back,,,,
gildan-5000-heavy-cotton-t-shirt,,,,,,,,,,,,,,,,,,,,,,,,https://cdn.shopify.com/s/files/1/0693/6425/2915/files/1200W-625-SafetyPink-12-5000SafetyPinkFlatFront3.jpg?v=1753357502,60,Front,,,,
gildan-5000-heavy-cotton-t-shirt,,,,,,,,,,,,,,,,,,,,,,,,https://cdn.shopify.com/s/files/1/0693/6425/2915/files/1200W-625-SafetyPink-13-5000SafetyPinkFlatBack3.jpg?v=1753357502,61,Back,,,,
gildan-5000-heavy-cotton-t-shirt,,,,,,,,,,,,,,,,,,,,,,,,https://cdn.shopify.com/s/files/1/0693/6425/2915/files/1200W-625-Violet-12-5000VioletFlatFront1.jpg?v=1753357502,62,Front,,,,
gildan-5000-heavy-cotton-t-shirt,,,,,,,,,,,,,,,,,,,,,,,,https://cdn.shopify.com/s/files/1/0693/6425/2915/files/1200W-625-Violet-13-5000VioletFlatBack1.jpg?v=1753357502,63,Back,,,,
gildan-5000-heavy-cotton-t-shirt,,,,,,,,,,,,,,,,,,,,,,,,https://cdn.shopify.com/s/files/1/0693/6425/2915/files/T-Shirt_Berry_LS.jpg?v=1753357503,64,Left Side,,,,
gildan-5000-heavy-cotton-t-shirt,,,,,,,,,,,,,,,,,,,,,,,,https://cdn.shopify.com/s/files/1/0693/6425/2915/files/T-Shirt_Berry_RS.jpg?v=1753357503,65,Right Side,,,,
gildan-5000-heavy-cotton-t-shirt,,,,,,,,,,,,,,,,,,,,,,,,https://cdn.shopify.com/s/files/1/0693/6425/2915/files/T-Shirt_Cardinal_LS.jpg?v=1753357503,66,Left Side,,,,
gildan-5000-heavy-cotton-t-shirt,,,,,,,,,,,,,,,,,,,,,,,,https://cdn.shopify.com/s/files/1/0693/6425/2915/files/T-Shirt_Cardinal_RS.jpg?v=1753357503,67,Right Side,,,,
gildan-5000-heavy-cotton-t-shirt,,,,,,,,,,,,,,,,,,,,,,,,https://cdn.shopify.com/s/files/1/0693/6425/2915/files/T-Shirt_Carolina_Blue_LS.jpg?v=1753357503,68,Left Side,,,,
gildan-5000-heavy-cotton-t-shirt,,,,,,,,,,,,,,,,,,,,,,,,https://cdn.shopify.com/s/files/1/0693/6425/2915/files/T-Shirt_Carolina_Blue_RS.jpg?v=1753357504,69,Right Side,,,,
gildan-5000-heavy-cotton-t-shirt,,,,,,,,,,,,,,,,,,,,,,,,https://cdn.shopify.com/s/files/1/0693/6425/2915/files/T-Shirt_Forest_Green_LS.jpg?v=1753357504,70,Left Side,,,,
gildan-5000-heavy-cotton-t-shirt,,,,,,,,,,,,,,,,,,,,,,,,https://cdn.shopify.com/s/files/1/0693/6425/2915/files/T-Shirt_Forest_Green_RS.jpg?v=1753357504,71,Right Side,,,,
gildan-5000-heavy-cotton-t-shirt,,,,,,,,,,,,,,,,,,,,,,,,https://cdn.shopify.com/s/files/1/0693/6425/2915/files/T-Shirt_Graphite_Heather_LS.jpg?v=1753357504,72,Left Side,,,,
gildan-5000-heavy-cotton-t-shirt,,,,,,,,,,,,,,,,,,,,,,,,https://cdn.shopify.com/s/files/1/0693/6425/2915/files/T-Shirt_Graphite_Heather_RS.jpg?v=1753357504,73,Right Side,,,,
gildan-5000-heavy-cotton-t-shirt,,,,,,,,,,,,,,,,,,,,,,,,https://cdn.shopify.com/s/files/1/0693/6425/2915/files/T-Shirt_Gravel_LS.jpg?v=1753357504,74,Left Side,,,,
gildan-5000-heavy-cotton-t-shirt,,,,,,,,,,,,,,,,,,,,,,,,https://cdn.shopify.com/s/files/1/0693/6425/2915/files/T-Shirt_Gravel_RS.jpg?v=1753357505,75,Right Side,,,,
gildan-5000-heavy-cotton-t-shirt,,,,,,,,,,,,,,,,,,,,,,,,https://cdn.shopify.com/s/files/1/0693/6425/2915/files/T-Shirt_Heather_Military_Green_LS.jpg?v=1753357505,76,Left Side,,,,
gildan-5000-heavy-cotton-t-shirt,,,,,,,,,,,,,,,,,,,,,,,,https://cdn.shopify.com/s/files/1/0693/6425/2915/files/T-Shirt_Heather_Military_Green_RS.jpg?v=1753357505,77,Right Side,,,,
gildan-5000-heavy-cotton-t-shirt,,,,,,,,,,,,,,,,,,,,,,,,https://cdn.shopify.com/s/files/1/0693/6425/2915/files/T-Shirt_Heather_Navy_RS1.jpg?v=1753357505,78,Right Side,,,,
gildan-5000-heavy-cotton-t-shirt,,,,,,,,,,,,,,,,,,,,,,,,https://cdn.shopify.com/s/files/1/0693/6425/2915/files/T-Shirt_Heather_Navy_LS-15.jpg?v=1753357505,79,Left Side,,,,
gildan-5000-heavy-cotton-t-shirt,,,,,,,,,,,,,,,,,,,,,,,,https://cdn.shopify.com/s/files/1/0693/6425/2915/files/T-Shirt_Heather_Red_LS.jpg?v=1753357506,80,Left Side,,,,
gildan-5000-heavy-cotton-t-shirt,,,,,,,,,,,,,,,,,,,,,,,,https://cdn.shopify.com/s/files/1/0693/6425/2915/files/T-Shirt_Heather_Red_RS.jpg?v=1753357506,81,Right Side,,,,
gildan-5000-heavy-cotton-t-shirt,,,,,,,,,,,,,,,,,,,,,,,,https://cdn.shopify.com/s/files/1/0693/6425/2915/files/T-Shirt_Heather_Sapphire_LS.jpg?v=1753357506,82,Left Side,,,,
gildan-5000-heavy-cotton-t-shirt,,,,,,,,,,,,,,,,,,,,,,,,https://cdn.shopify.com/s/files/1/0693/6425/2915/files/T-Shirt_Heather_Sapphire_RS.jpg?v=1753357506,83,Right Side,,,,
gildan-5000-heavy-cotton-t-shirt,,,,,,,,,,,,,,,,,,,,,,,,https://cdn.shopify.com/s/files/1/0693/6425/2915/files/T-Shirt_Indigo_Blue_LS.jpg?v=1753357506,84,Left Side,,,,
gildan-5000-heavy-cotton-t-shirt,,,,,,,,,,,,,,,,,,,,,,,,https://cdn.shopify.com/s/files/1/0693/6425/2915/files/T-Shirt_Indigo_Blue_RS.jpg?v=1753357507,85,Right Side,,,,
gildan-5000-heavy-cotton-t-shirt,,,,,,,,,,,,,,,,,,,,,,,,https://cdn.shopify.com/s/files/1/0693/6425/2915/files/T-Shirt_Irish_Green_LS.jpg?v=1753357507,86,Left Side,,,,
gildan-5000-heavy-cotton-t-shirt,,,,,,,,,,,,,,,,,,,,,,,,https://cdn.shopify.com/s/files/1/0693/6425/2915/files/T-Shirt_Irish_Green_RS.jpg?v=1753357507,87,Right Side,,,,
gildan-5000-heavy-cotton-t-shirt,,,,,,,,,,,,,,,,,,,,,,,,https://cdn.shopify.com/s/files/1/0693/6425/2915/files/T-Shirt_Light_Blue_LS.jpg?v=1753357507,88,Left Side,,,,
gildan-5000-heavy-cotton-t-shirt,,,,,,,,,,,,,,,,,,,,,,,,https://cdn.shopify.com/s/files/1/0693/6425/2915/files/T-Shirt_Light_Blue_RS.jpg?v=1753357507,89,Right Side,,,,
gildan-5000-heavy-cotton-t-shirt,,,,,,,,,,,,,,,,,,,,,,,,https://cdn.shopify.com/s/files/1/0693/6425/2915/files/T-Shirt_Light_Pink_LS.jpg?v=1753357508,90,Left Side,,,,
gildan-5000-heavy-cotton-t-shirt,,,,,,,,,,,,,,,,,,,,,,,,https://cdn.shopify.com/s/files/1/0693/6425/2915/files/T-Shirt_Light_Pink_RS.jpg?v=1753357508,91,Right Side,,,,
gildan-5000-heavy-cotton-t-shirt,,,,,,,,,,,,,,,,,,,,,,,,https://cdn.shopify.com/s/files/1/0693/6425/2915/files/T-Shirt_Maroon_LS.jpg?v=1753357508,92,Left Side,,,,
gildan-5000-heavy-cotton-t-shirt,,,,,,,,,,,,,,,,,,,,,,,,https://cdn.shopify.com/s/files/1/0693/6425/2915/files/T-Shirt_Maroon_RS.jpg?v=1753357508,93,Right Side,,,,
gildan-5000-heavy-cotton-t-shirt,,,,,,,,,,,,,,,,,,,,,,,,https://cdn.shopify.com/s/files/1/0693/6425/2915/files/T-Shirt_Mint_Green_LS.jpg?v=1753357508,94,Left Side,,,,
gildan-5000-heavy-cotton-t-shirt,,,,,,,,,,,,,,,,,,,,,,,,https://cdn.shopify.com/s/files/1/0693/6425/2915/files/T-Shirt_Mint_Green_RS.jpg?v=1753357508,95,Right Side,,,,
gildan-5000-heavy-cotton-t-shirt,,,,,,,,,,,,,,,,,,,,,,,,https://cdn.shopify.com/s/files/1/0693/6425/2915/files/T-Shirt_Purple_LS.jpg?v=1753357509,96,Left Side,,,,
gildan-5000-heavy-cotton-t-shirt,,,,,,,,,,,,,,,,,,,,,,,,https://cdn.shopify.com/s/files/1/0693/6425/2915/files/T-Shirt_Purple_RS.jpg?v=1753357509,97,Right Side,,,,
gildan-5000-heavy-cotton-t-shirt,,,,,,,,,,,,,,,,,,,,,,,,https://cdn.shopify.com/s/files/1/0693/6425/2915/files/T-Shirt_Safety_Pink_LS.jpg?v=1753357509,98,Left Side,,,,
gildan-5000-heavy-cotton-t-shirt,,,,,,,,,,,,,,,,,,,,,,,,https://cdn.shopify.com/s/files/1/0693/6425/2915/files/T-Shirt_Safety_Pink_RS.jpg?v=1753357509,99,Right Side,,,,
gildan-5000-heavy-cotton-t-shirt,,,,,,,,,,,,,,,,,,,,,,,,https://cdn.shopify.com/s/files/1/0693/6425/2915/files/T-Shirt_Violet_LS.jpg?v=1753357509,100,Left Side,,,,
gildan-5000-heavy-cotton-t-shirt,,,,,,,,,,,,,,,,,,,,,,,,https://cdn.shopify.com/s/files/1/0693/6425/2915/files/T-Shirt_Violet_RS.jpg?v=1753357510,101,Right Side,,,,
gildan-5000-heavy-cotton-t-shirt,,,,,,,,,,,,,,,,,,,,,,,,https://cdn.shopify.com/s/files/1/0693/6425/2915/files/1200W-625-Ash-12-5000AshFlatFront3.jpg?v=1753357510,102,Front,,,,
gildan-5000-heavy-cotton-t-shirt,,,,,,,,,,,,,,,,,,,,,,,,https://cdn.shopify.com/s/files/1/0693/6425/2915/files/1200W-625-Ash-13-5000AshFlatBack3.jpg?v=1753357510,103,Back,,,,
gildan-5000-heavy-cotton-t-shirt,,,,,,,,,,,,,,,,,,,,,,,,https://cdn.shopify.com/s/files/1/0693/6425/2915/files/1200W-625-AntqJadeDm-12-5000AntqJadeDmFlatFront3.jpg?v=1753357510,104,Front,,,,
gildan-5000-heavy-cotton-t-shirt,,,,,,,,,,,,,,,,,,,,,,,,https://cdn.shopify.com/s/files/1/0693/6425/2915/files/1200W-625-BrnSavana-12-5000BrnSavanaFlatFront3.jpg?v=1753357510,105,Front,,,,
gildan-5000-heavy-cotton-t-shirt,,,,,,,,,,,,,,,,,,,,,,,,https://cdn.shopify.com/s/files/1/0693/6425/2915/files/1200W-625-BrnSavana-13-5000BrnSavanaFlatBack3.jpg?v=1753357511,106,Back,,,,
gildan-5000-heavy-cotton-t-shirt,,,,,,,,,,,,,,,,,,,,,,,,https://cdn.shopify.com/s/files/1/0693/6425/2915/files/1200W-625-DkChoc-12-5000DkChocFlatFront3.jpg?v=1753357511,107,Front,,,,
gildan-5000-heavy-cotton-t-shirt,,,,,,,,,,,,,,,,,,,,,,,,https://cdn.shopify.com/s/files/1/0693/6425/2915/files/1200W-625-DkChoc-13-5000DkChocFlatBack3.jpg?v=1753357511,108,Back,,,,
gildan-5000-heavy-cotton-t-shirt,,,,,,,,,,,,,,,,,,,,,,,,https://cdn.shopify.com/s/files/1/0693/6425/2915/files/1200W-625-Garnet-12-5000GarnetFlatFront3.jpg?v=1753357511,109,Front,,,,
gildan-5000-heavy-cotton-t-shirt,,,,,,,,,,,,,,,,,,,,,,,,https://cdn.shopify.com/s/files/1/0693/6425/2915/files/1200W-625-Garnet-13-5000GarnetFlatBack3.jpg?v=1753357511,110,Back,,,,
gildan-5000-heavy-cotton-t-shirt,,,,,,,,,,,,,,,,,,,,,,,,https://cdn.shopify.com/s/files/1/0693/6425/2915/files/1200W-625-Midnight-12-5000MidnightFlatFront3.jpg?v=1753357511,111,Front,,,,
gildan-5000-heavy-cotton-t-shirt,,,,,,,,,,,,,,,,,,,,,,,,https://cdn.shopify.com/s/files/1/0693/6425/2915/files/1200W-625-Midnight-13-5000MidnightFlatBack3.jpg?v=1753357512,112,Back,,,,
gildan-5000-heavy-cotton-t-shirt,,,,,,,,,,,,,,,,,,,,,,,,https://cdn.shopify.com/s/files/1/0693/6425/2915/files/1200W-625-MilGreen-12-5000MilGreenFlatFront3.jpg?v=1753357512,113,Front,,,,
gildan-5000-heavy-cotton-t-shirt,,,,,,,,,,,,,,,,,,,,,,,,https://cdn.shopify.com/s/files/1/0693/6425/2915/files/1200W-625-MilGreen-13-5000MilGreenFlatBack3.jpg?v=1753357512,114,Back,,,,
gildan-5000-heavy-cotton-t-shirt,,,,,,,,,,,,,,,,,,,,,,,,https://cdn.shopify.com/s/files/1/0693/6425/2915/files/1200W-625-OldGold-12-5000OldGoldFlatFront3_8524a3bb-7157-4a25-a3de-b2dd4326b307.jpg?v=1753357512,115,Front,,,,
gildan-5000-heavy-cotton-t-shirt,,,,,,,,,,,,,,,,,,,,,,,,https://cdn.shopify.com/s/files/1/0693/6425/2915/files/1200W-625-OldGold-13-5000OldGoldFlatBack3_8a149233-fa55-4189-a92c-9ed77174e607.jpg?v=1753357512,116,Back,,,,
gildan-5000-heavy-cotton-t-shirt,,,,,,,,,,,,,,,,,,,,,,,,https://cdn.shopify.com/s/files/1/0693/6425/2915/files/1200W-625-YellowHaze-12-5000YellowHazeFlatFront1.jpg?v=1753357513,117,Front,,,,
gildan-5000-heavy-cotton-t-shirt,,,,,,,,,,,,,,,,,,,,,,,,https://cdn.shopify.com/s/files/1/0693/6425/2915/files/1200W-625-YellowHaze-13-5000YellowHazeFlatBack1.jpg?v=1753357513,118,Back,,,,
gildan-5000-heavy-cotton-t-shirt,,,,,,,,,,,,,,,,,,,,,,,,https://cdn.shopify.com/s/files/1/0693/6425/2915/files/1200W-625-AntqJadeDm-13-5000AntqJadeDmFlatBack3.jpg?v=1753357513,119,Back,,,,
gildan-5000-heavy-cotton-t-shirt,,,,,,,,,,,,,,,,,,,,,,,,https://cdn.shopify.com/s/files/1/0693/6425/2915/files/1200W-625-Gold-12-5000GoldFlatFront3.jpg?v=1753357513,120,Front,,,,
gildan-5000-heavy-cotton-t-shirt,,,,,,,,,,,,,,,,,,,,,,,,https://cdn.shopify.com/s/files/1/0693/6425/2915/files/1200W-625-Gold-13-5000GoldFlatBack3.jpg?v=1753357513,121,Back,,,,
gildan-5000-heavy-cotton-t-shirt,,,,,,,,,,,,,,,,,,,,,,,,https://cdn.shopify.com/s/files/1/0693/6425/2915/files/1200W-625-TennOrange-12-5000TennOrangeFlatFront1.jpg?v=1753357514,122,Front,,,,
gildan-5000-heavy-cotton-t-shirt,,,,,,,,,,,,,,,,,,,,,,,,https://cdn.shopify.com/s/files/1/0693/6425/2915/files/1200W-625-TennOrange-13-5000TennOrangeFlatBack1.jpg?v=1753357514,123,Back,,,,
gildan-5000-heavy-cotton-t-shirt,,,,,,,,,,,,,,,,,,,,,,,,https://cdn.shopify.com/s/files/1/0693/6425/2915/files/1200W-625-AZALEA-12-5000AZALEAFlatFront2.jpg?v=1755874749,124,Front,,,,
gildan-5000-heavy-cotton-t-shirt,,,,,,,,,,,,,,,,,,,,,,,,https://cdn.shopify.com/s/files/1/0693/6425/2915/files/1200W-625-AZALEA-13-5000AZALEAFlatBack2.jpg?v=1755874749,125,Back,,,,
gildan-5000-heavy-cotton-t-shirt,,,,,,,,,,,,,,,,,,,,,,,,https://cdn.shopify.com/s/files/1/0693/6425/2915/files/1200W-625-CarolinaBl-12-5000CarolinaBlFlatFront3_990b5fa3-6d2d-4552-9017-4b5d482330cd.jpg?v=1755874749,126,Front,,,,
gildan-5000-heavy-cotton-t-shirt,,,,,,,,,,,,,,,,,,,,,,,,https://cdn.shopify.com/s/files/1/0693/6425/2915/files/1200W-625-CarolinaBl-13-5000CarolinaBlFlatBack3_11a3ca21-cb7b-446f-9627-fc3dd362dafd.jpg?v=1755874749,127,Back,,,,
gildan-5000-heavy-cotton-t-shirt,,,,,,,,,,,,,,,,,,,,,,,,https://cdn.shopify.com/s/files/1/0693/6425/2915/files/1200W-625-Sand-12-5000SandFlatFront5.jpg?v=1755874749,128,Front,,,,
gildan-5000-heavy-cotton-t-shirt,,,,,,,,,,,,,,,,,,,,,,,,https://cdn.shopify.com/s/files/1/0693/6425/2915/files/1200W-625-Sand-13-5000SandFlatBack5.jpg?v=1755874749,129,Back,,,,
gildan-5000-heavy-cotton-t-shirt,,,,,,,,,,,,,,,,,,,,,,,,https://cdn.shopify.com/s/files/1/0693/6425/2915/files/1200W-625-Sapphire-12-5000SapphireFlatFront5.jpg?v=1755874749,130,Front,,,,
gildan-5000-heavy-cotton-t-shirt,,,,,,,,,,,,,,,,,,,,,,,,https://cdn.shopify.com/s/files/1/0693/6425/2915/files/1200W-625-Sapphire-13-5000SapphireFlatBack5.jpg?v=1755874750,131,Back,,,,
gildan-5000-heavy-cotton-t-shirt,,,,,,,,,,,,,,,,,,,,,,,,https://cdn.shopify.com/s/files/1/0693/6425/2915/files/1200W-625-TxOrange-12-5000TxOrangeFlatFront1.jpg?v=1755874749,132,Front,,,,
gildan-5000-heavy-cotton-t-shirt,,,,,,,,,,,,,,,,,,,,,,,,https://cdn.shopify.com/s/files/1/0693/6425/2915/files/1200W-625-TxOrange-13-5000TxOrangeFlatBack1.jpg?v=1755874750,133,Back,,,,
